ref_counts,var_counts,VAF
357,28,0.0363636363636364
328,61,0.0784061696658098
359,31,0.0397435897435897
375,13,0.0167525773195876
360,30,0.0384615384615385
378,12,0.0153846153846154
362,26,0.0335051546391753
235,134,0.181571815718157
377,10,0.0129198966408269
382,8,0.0102564102564103
382,8,0.0102564102564103
375,12,0.0155038759689922
364,24,0.0309278350515464
379,10,0.012853470437018
381,8,0.0102827763496144
378,10,0.0128865979381443
378,9,0.0116279069767442
379,10,0.012853470437018
375,14,0.0179948586118252
378,10,0.0128865979381443
368,18,0.0233160621761658
375,8,0.010443864229765
380,8,0.0103092783505155
377,9,0.0116580310880829
381,8,0.0102827763496144
346,36,0.0471204188481675
333,56,0.0719794344473008
378,8,0.0103626943005181
148,240,0.309278350515464
380,10,0.0128205128205128
377,11,0.0141752577319588
380,8,0.0103092783505155
148,236,0.307291666666667
373,13,0.016839378238342
377,10,0.0129198966408269
371,16,0.020671834625323
363,24,0.0310077519379845
378,11,0.0141388174807198
379,10,0.012853470437018
382,8,0.0102564102564103
308,79,0.102067183462532
379,8,0.0103359173126615
366,24,0.0307692307692308
376,12,0.0154639175257732
345,44,0.0565552699228792
378,8,0.0103626943005181
109,273,0.357329842931937
381,9,0.0115384615384615
379,8,0.0103359173126615
341,36,0.0477453580901857
377,9,0.0116580310880829
373,16,0.0205655526992288
371,14,0.0181818181818182
375,9,0.01171875
377,11,0.0141752577319588
381,8,0.0102827763496144
380,10,0.0128205128205128
377,10,0.0129198966408269
375,8,0.010443864229765
381,8,0.0102827763496144
354,35,0.044987146529563
369,8,0.0106100795755968
379,8,0.0103359173126615
358,8,0.0109289617486339
376,14,0.0179487179487179
376,13,0.0167095115681234
371,12,0.0156657963446475
380,10,0.0128205128205128
373,13,0.016839378238342
381,8,0.0102827763496144
359,30,0.038560411311054
376,10,0.0129533678756477
381,9,0.0115384615384615
366,22,0.0283505154639175
286,103,0.132390745501285
376,14,0.0179487179487179
380,8,0.0103092783505155
380,8,0.0103092783505155
147,239,0.309585492227979
331,54,0.0701298701298701
378,12,0.0153846153846154
375,14,0.0179948586118252
377,8,0.0103896103896104
378,9,0.0116279069767442
372,18,0.0230769230769231
363,26,0.0334190231362468
379,8,0.0103359173126615
374,14,0.0180412371134021
375,8,0.010443864229765
379,10,0.012853470437018
357,31,0.0399484536082474
381,8,0.0102827763496144
367,8,0.0106666666666667
380,8,0.0103092783505155
379,8,0.0103359173126615
287,103,0.132051282051282
375,14,0.0179948586118252
353,36,0.0462724935732648
114,271,0.351948051948052
380,10,0.0128205128205128
380,8,0.0103092783505155
382,8,0.0102564102564103
365,24,0.0308483290488432
293,97,0.124358974358974
381,8,0.0102827763496144
373,14,0.0180878552971576
366,24,0.0307692307692308
377,12,0.0154241645244216
292,97,0.124678663239075
370,13,0.0169712793733681
373,16,0.0205655526992288
381,9,0.0115384615384615
381,8,0.0102827763496144
353,36,0.0462724935732648
376,8,0.0104166666666667
374,9,0.0117493472584856
381,8,0.0102827763496144
380,8,0.0103092783505155
380,10,0.0128205128205128
373,17,0.0217948717948718
380,8,0.0103092783505155
370,17,0.0219638242894057
381,9,0.0115384615384615
356,31,0.0400516795865633
359,31,0.0397435897435897
378,8,0.0103626943005181
351,36,0.0465116279069767
344,44,0.0567010309278351
380,10,0.0128205128205128
379,10,0.012853470437018
372,8,0.0105263157894737
378,8,0.0103626943005181
110,275,0.357142857142857
362,25,0.0322997416020672
376,14,0.0179487179487179
381,8,0.0102827763496144
373,16,0.0205655526992288
379,9,0.0115979381443299
149,239,0.30798969072165
