mutation_id	ref_counts	var_counts	normal_cn	minor_cn	major_cn
5	30	0	2	0	2
12	38	1	2	0	2
15	24	0	2	0	2
19	18	0	2	0	2
83	23	0	2	0	2
129	17	0	2	0	2
177	32	1	2	0	2
228	34	0	2	0	2
247	34	0	2	0	2
257	27	0	2	0	2
310	25	0	2	0	2
387	24	0	2	0	2
389	30	0	2	0	2
390	25	0	2	0	2
470	34	0	2	0	2
562	31	0	2	0	2
924	27	0	2	0	2
1019	32	0	2	0	2
1115	30	0	2	0	2
1322	30	1	2	0	2
1326	23	0	2	0	2
1503	35	0	2	0	2
1504	34	0	2	0	2
1508	41	0	2	0	2
1524	25	1	2	0	2
1563	28	0	2	0	2
1606	21	0	2	0	2
1609	29	0	2	0	2
1614	25	0	2	0	2
1837	27	0	2	0	2
2105	25	0	2	0	2
2169	32	0	2	0	2
2178	27	0	2	0	2
2374	32	0	2	0	2
2448	42	0	2	0	2
2469	28	1	2	0	2
2739	33	0	2	0	2
2918	33	0	2	0	2
3052	30	0	2	0	2
3063	34	0	2	0	2
3068	29	0	2	0	2
3073	30	0	2	0	2
3095	35	1	2	0	2
3278	25	0	2	0	2
3520	27	0	2	0	2
3563	31	0	2	0	2
3593	35	0	2	0	2
3655	34	0	2	0	2
3856	39	0	2	0	2
3924	33	1	2	0	2
4245	21	1	2	0	2
4260	37	0	2	0	2
4366	31	0	2	0	2
4476	23	0	2	0	2
4493	41	0	2	0	2
4675	34	0	2	0	2
4709	29	0	2	0	2
4829	35	1	2	0	2
4850	23	0	2	0	2
4997	28	0	2	0	2
5031	29	0	2	0	2
5391	30	1	2	0	2
5409	25	0	2	0	2
5412	23	0	2	0	2
5471	33	0	2	0	2
5645	32	1	2	0	2
5852	35	0	2	0	2
5972	34	0	2	0	2
5982	29	0	2	0	2
6012	28	0	2	0	2
6130	19	1	2	0	2
6400	24	0	2	0	2
6412	30	0	2	0	2
6425	32	0	2	0	2
6428	25	0	2	0	2
6431	29	0	2	0	2
6451	32	0	2	0	2
6453	34	0	2	0	2
6606	34	0	2	0	2
6635	23	0	2	0	2
6740	38	1	2	0	2
7111	33	0	2	0	2
7134	30	0	2	0	2
7146	25	0	2	0	2
7357	33	0	2	0	2
7513	26	1	2	0	2
8081	29	2	2	0	2
8172	39	0	2	0	2
8506	31	0	2	0	2
8513	36	0	2	0	2
8520	20	0	2	0	2
8711	40	0	2	0	2
8784	31	1	2	0	2
9156	32	0	2	0	2
9273	33	0	2	0	2
9507	26	0	2	0	2
9710	26	0	2	0	2
9803	23	0	2	0	2
10090	30	1	2	0	2
10091	22	0	2	0	2
10155	33	0	2	0	2
10170	33	0	2	0	2
10269	19	0	2	0	2
10659	30	0	2	0	2
11231	34	0	2	0	2
11250	27	0	2	0	2
11254	33	0	2	0	2
11251	27	0	2	0	2
11252	34	0	2	0	2
11481	27	0	2	0	2
11647	28	0	2	0	2
12025	16	0	2	0	2
12114	32	1	2	0	2
12117	38	0	2	0	2
12138	26	0	2	0	2
12319	33	0	2	0	2
12478	27	0	2	0	2
12526	18	1	2	0	2
12578	32	0	2	0	2
12778	30	0	2	0	2
12811	40	0	2	0	2
12845	32	0	2	0	2
13407	31	1	2	0	2
13457	31	0	2	0	2
13484	35	0	2	0	2
13495	33	0	2	0	2
13602	30	0	2	0	2
13748	33	0	2	0	2
13952	35	0	2	0	2
14077	17	1	2	0	2
14215	31	0	2	0	2
14409	32	1	2	0	2
14507	30	1	2	0	2
14542	27	0	2	0	2
14557	26	1	2	0	2
14568	24	0	2	0	2
14690	40	0	2	0	2
14745	35	1	2	0	2
14831	25	0	2	0	2
14937	31	0	2	0	2
15023	23	1	2	0	2
15389	34	0	2	0	2
15503	26	0	2	0	2
15854	23	0	2	0	2
16172	31	0	2	0	2
16497	43	0	2	0	2
16501	40	0	2	0	2
16507	26	0	2	0	2
16767	24	0	2	0	2
17194	30	0	2	0	2
17418	24	1	2	0	2
17444	35	0	2	0	2
17614	23	0	2	0	2
17674	25	0	2	0	2
17686	32	0	2	0	2
17750	28	0	2	0	2
17758	31	0	2	0	2
17833	25	0	2	0	2
17840	39	0	2	0	2
17841	33	0	2	0	2
17976	32	0	2	0	2
18028	37	0	2	0	2
18159	33	0	2	0	2
18219	28	0	2	0	2
18307	31	0	2	0	2
18314	30	0	2	0	2
18315	35	0	2	0	2
18320	34	0	2	0	2
18416	31	1	2	0	2
18421	27	0	2	0	2
18609	32	0	2	0	2
18709	30	0	2	0	2
18849	36	0	2	0	2
18911	32	0	2	0	2
19201	32	0	2	0	2
19391	33	0	2	0	2
19434	28	0	2	0	2
19453	26	0	2	0	2
19800	29	0	2	0	2
19801	31	0	2	0	2
20082	24	0	2	0	2
20169	29	0	2	0	2
20231	36	0	2	0	2
20514	37	2	2	0	2
20521	27	0	2	0	2
20681	31	0	2	0	2
20758	32	0	2	0	2
20829	34	2	2	0	2
20944	28	0	2	0	2
21560	33	0	2	0	2
21597	36	0	2	0	2
21680	24	0	2	0	2
22003	33	0	2	0	2
22005	32	0	2	0	2
22042	29	0	2	0	2
22045	24	0	2	0	2
22140	32	0	2	0	2
22196	33	1	2	0	2
22229	23	0	2	0	2
22242	26	1	2	0	2
22244	33	1	2	0	2
22254	26	0	2	0	2
22259	34	1	2	0	2
22264	23	0	2	0	2
22336	28	0	2	0	2
22351	29	0	2	0	2
22630	36	0	2	0	2
22719	33	0	2	0	2
22852	36	0	2	0	2
22978	24	0	2	0	2
23353	34	0	2	0	2
23450	25	1	2	0	2
23452	25	0	2	0	2
23499	26	1	2	0	2
23505	28	0	2	0	2
23593	26	0	2	0	2
23644	32	0	2	0	2
24029	29	0	2	0	2
24063	21	0	2	0	2
24187	30	0	2	0	2
24215	34	0	2	0	2
24232	33	0	2	0	2
24259	37	0	2	0	2
24261	34	0	2	0	2
24273	39	0	2	0	2
24424	36	0	2	0	2
24660	28	1	2	0	2
24867	28	0	2	0	2
24965	39	0	2	0	2
24966	28	0	2	0	2
24980	30	0	2	0	2
25003	35	0	2	0	2
25050	27	0	2	0	2
25059	26	0	2	0	2
25072	35	0	2	0	2
25097	27	0	2	0	2
25101	26	1	2	0	2
25106	25	0	2	0	2
25132	27	1	2	0	2
25462	37	1	2	0	2
25471	25	0	2	0	2
25614	19	0	2	0	2
25745	21	0	2	0	2
25816	31	0	2	0	2
25878	34	0	2	0	2
25940	24	0	2	0	2
26061	28	1	2	0	2
26064	27	0	2	0	2
26078	27	0	2	0	2
26081	32	0	2	0	2
26130	32	0	2	0	2
26191	29	0	2	0	2
26544	30	0	2	0	2
26623	30	0	2	0	2
26634	47	0	2	0	2
26642	34	0	2	0	2
26689	27	0	2	0	2
26783	34	1	2	0	2
26945	33	0	2	0	2
27350	29	0	2	0	2
27363	31	0	2	0	2
27515	30	0	2	0	2
27592	34	0	2	0	2
27652	29	0	2	0	2
27821	23	0	2	0	2
27852	35	0	2	0	2
28058	33	0	2	0	2
28072	28	0	2	0	2
28092	27	1	2	0	2
28115	28	0	2	0	2
28245	32	0	2	0	2
28970	42	0	2	0	2
29124	22	1	2	0	2
29176	31	0	2	0	2
29197	31	0	2	0	2
29206	33	0	2	0	2
29248	27	0	2	0	2
29405	30	0	2	0	2
29570	35	0	2	0	2
29650	26	0	2	0	2
29701	42	0	2	0	2
29834	22	0	2	0	2
29841	33	1	2	0	2
30175	29	0	2	0	2
30214	32	1	2	0	2
30215	22	0	2	0	2
30321	33	0	2	0	2
30404	28	0	2	0	2
30644	33	0	2	0	2
30921	33	0	2	0	2
30994	22	0	2	0	2
31019	28	0	2	0	2
31049	32	0	2	0	2
31383	27	0	2	0	2
31416	32	0	2	0	2
31435	25	0	2	0	2
31582	29	0	2	0	2
31600	35	1	2	0	2
31692	36	0	2	0	2
31714	29	0	2	0	2
31723	29	0	2	0	2
31782	29	0	2	0	2
32073	21	0	2	0	2
32233	24	0	2	0	2
32241	19	2	2	0	2
32261	40	0	2	0	2
32262	38	0	2	0	2
32558	26	1	2	0	2
32633	35	0	2	0	2
32662	37	1	2	0	2
32684	34	0	2	0	2
32685	29	0	2	0	2
32737	25	0	2	0	2
32740	26	0	2	0	2
32758	29	0	2	0	2
32940	34	0	2	0	2
32944	26	0	2	0	2
32955	20	0	2	0	2
33009	26	0	2	0	2
33047	24	0	2	0	2
33190	28	0	2	0	2
33198	30	0	2	0	2
33260	37	0	2	0	2
33350	37	0	2	0	2
33351	26	0	2	0	2
33352	23	0	2	0	2
33392	26	0	2	0	2
33412	40	0	2	0	2
33421	25	0	2	0	2
33440	33	0	2	0	2
33671	37	0	2	0	2
33702	27	0	2	0	2
33892	28	0	2	0	2
34033	23	0	2	0	2
34042	40	0	2	0	2
34187	24	0	2	0	2
34189	33	0	2	0	2
34307	29	0	2	0	2
34621	27	0	2	0	2
34624	27	0	2	0	2
34640	33	0	2	0	2
34662	31	1	2	0	2
34671	21	0	2	0	2
34684	37	0	2	0	2
34713	26	0	2	0	2
34739	23	0	2	0	2
34741	30	0	2	0	2
34752	32	0	2	0	2
34771	34	0	2	0	2
34772	24	0	2	0	2
34773	27	0	2	0	2
34774	31	0	2	0	2
34782	29	0	2	0	2
34848	45	0	2	0	2
34966	32	0	2	0	2
35025	28	0	2	0	2
35030	25	0	2	0	2
35037	33	0	2	0	2
35043	26	0	2	0	2
35086	27	0	2	0	2
35103	28	1	2	0	2
35130	27	1	2	0	2
35168	35	0	2	0	2
35204	20	1	2	0	2
35211	39	0	2	0	2
35359	28	1	2	0	2
35418	28	0	2	0	2
35625	29	0	2	0	2
35642	32	1	2	0	2
35783	30	1	2	0	2
35797	34	0	2	0	2
36002	24	0	2	0	2
36082	23	0	2	0	2
36089	29	1	2	0	2
36101	30	0	2	0	2
36181	33	1	2	0	2
36407	29	0	2	0	2
36435	29	0	2	0	2
36442	39	0	2	0	2
36590	35	1	2	0	2
36611	30	0	2	0	2
36619	31	0	2	0	2
36629	31	0	2	0	2
36657	31	0	2	0	2
36679	36	0	2	0	2
36680	21	0	2	0	2
36735	32	0	2	0	2
36751	30	0	2	0	2
36753	23	0	2	0	2
36760	33	0	2	0	2
36855	34	0	2	0	2
36858	27	0	2	0	2
36886	27	0	2	0	2
36908	35	0	2	0	2
36917	35	0	2	0	2
36999	32	0	2	0	2
37030	20	0	2	0	2
37126	21	0	2	0	2
37177	26	0	2	0	2
37248	35	0	2	0	2
37445	26	0	2	0	2
37607	38	0	2	0	2
37662	27	1	2	0	2
37914	42	1	2	0	2
37915	25	0	2	0	2
37947	29	0	2	0	2
37951	23	0	2	0	2
37954	24	0	2	0	2
37982	28	0	2	0	2
38049	25	0	2	0	2
38262	30	0	2	0	2
38481	26	0	2	0	2
38491	17	0	2	0	2
38967	29	0	2	0	2
39112	27	0	2	0	2
39170	39	0	2	0	2
39469	20	1	2	0	2
39904	30	0	2	0	2
39924	41	1	2	0	2
39928	34	0	2	0	2
