Position,Wild,Mut,Miss
5,87,1,0
12,87,1,0
15,87,1,0
19,87,1,0
83,87,1,0
129,87,1,0
177,87,1,0
228,87,1,0
247,87,1,0
257,87,1,0
310,87,1,0
387,87,1,0
389,87,1,0
390,87,1,0
470,85,1,2
562,87,1,0
924,87,1,0
1019,87,1,0
1115,87,1,0
1322,87,1,0
1326,87,1,0
1503,87,1,0
1504,87,1,0
1508,87,1,0
1524,87,1,0
1563,87,1,0
1606,87,1,0
1609,87,1,0
1614,87,1,0
1837,87,1,0
2105,87,1,0
2169,87,1,0
2178,87,1,0
2374,87,1,0
2448,87,1,0
2469,87,1,0
2739,87,1,0
2918,87,1,0
3052,87,1,0
3063,87,1,0
3068,87,1,0
3073,87,1,0
3095,87,1,0
3278,87,1,0
3520,87,1,0
3563,87,1,0
3593,87,1,0
3655,87,1,0
3856,87,1,0
3924,87,1,0
4245,87,1,0
4260,87,1,0
4366,87,1,0
4476,87,1,0
4493,87,1,0
4675,87,1,0
4709,86,1,1
4829,87,1,0
4850,87,1,0
4997,87,1,0
5031,87,1,0
5391,87,1,0
5409,87,1,0
5412,87,1,0
5471,86,1,1
5645,87,1,0
5852,87,1,0
5972,87,1,0
5982,87,1,0
6012,87,1,0
6130,87,1,0
6400,87,1,0
6412,85,3,0
6425,86,1,1
6428,87,1,0
6431,87,1,0
6451,87,1,0
6453,85,1,2
6606,86,1,1
6635,87,1,0
6740,87,1,0
7111,87,1,0
7134,87,1,0
7146,86,1,1
7357,86,1,1
7513,87,1,0
8081,87,1,0
8172,87,1,0
8506,87,1,0
8513,87,1,0
8520,86,2,0
8711,87,1,0
8784,87,1,0
9156,87,1,0
9273,87,1,0
9507,87,1,0
9710,87,1,0
9803,87,1,0
10090,87,1,0
10091,87,1,0
10155,87,1,0
10170,87,1,0
10269,87,1,0
10659,87,1,0
11231,87,1,0
11250,87,1,0
11254,87,1,0
11251,87,1,0
11252,86,1,1
11481,87,1,0
11647,87,1,0
12025,87,1,0
12114,87,1,0
12117,87,1,0
12138,87,1,0
12319,87,1,0
12478,86,1,1
12526,87,1,0
12578,86,1,1
12778,87,1,0
12811,87,1,0
12845,87,1,0
13407,86,1,1
13457,87,1,0
13484,87,1,0
13495,87,1,0
13602,86,1,1
13748,87,1,0
13952,87,1,0
14077,87,1,0
14215,87,1,0
14409,87,1,0
14507,87,1,0
14542,87,1,0
14557,87,1,0
14568,87,1,0
14690,87,1,0
14745,87,1,0
14831,87,1,0
14937,87,1,0
15023,87,1,0
15389,87,1,0
15503,87,1,0
15854,87,1,0
16172,87,1,0
16497,87,1,0
16501,87,1,0
16507,87,1,0
16767,86,1,1
17194,87,1,0
17418,87,1,0
17444,87,1,0
17614,87,1,0
17674,87,1,0
17686,87,1,0
17750,87,1,0
17758,86,1,1
17833,87,1,0
17840,87,1,0
17841,87,1,0
17976,87,1,0
18028,86,1,1
18159,86,1,1
18219,87,1,0
18307,87,1,0
18314,87,1,0
18315,87,1,0
18320,86,1,1
18416,85,3,0
18421,87,1,0
18609,87,1,0
18709,87,1,0
18849,87,1,0
18911,87,1,0
19201,87,1,0
19391,87,1,0
19434,87,1,0
19453,87,1,0
19800,87,1,0
19801,86,1,1
20082,87,1,0
20169,87,1,0
20231,87,1,0
20514,87,1,0
20521,87,1,0
20681,85,3,0
20758,86,1,1
20829,68,19,1
20944,87,1,0
21560,87,1,0
21597,87,1,0
21680,87,1,0
22003,87,1,0
22005,87,1,0
22042,87,1,0
22045,87,1,0
22140,87,1,0
22196,87,1,0
22229,87,1,0
22242,87,1,0
22244,87,1,0
22254,86,1,1
22259,87,1,0
22264,87,1,0
22336,87,1,0
22351,87,1,0
22630,87,1,0
22719,87,1,0
22852,87,1,0
22978,86,1,1
23353,86,1,1
23450,87,1,0
23452,87,1,0
23499,84,4,0
23505,87,1,0
23593,87,1,0
23644,87,1,0
24029,87,1,0
24063,87,1,0
24187,87,1,0
24215,86,1,1
24232,87,1,0
24259,87,1,0
24261,87,1,0
24273,87,1,0
24424,86,1,1
24660,87,1,0
24867,87,1,0
24965,87,1,0
24966,87,1,0
24980,87,1,0
25003,87,1,0
25050,87,1,0
25059,87,1,0
25072,87,1,0
25097,87,1,0
25101,87,1,0
25106,87,1,0
25132,87,1,0
25462,86,1,1
25471,87,1,0
25614,86,1,1
25745,85,1,2
25816,87,1,0
25878,87,1,0
25940,87,1,0
26061,86,1,1
26064,87,1,0
26078,87,1,0
26081,87,1,0
26130,86,1,1
26191,87,1,0
26544,87,1,0
26623,87,1,0
26634,87,1,0
26642,87,1,0
26689,87,1,0
26783,87,1,0
26945,86,1,1
27350,87,1,0
27363,87,1,0
27515,86,1,1
27592,86,1,1
27652,87,1,0
27821,87,1,0
27852,86,1,1
28058,87,1,0
28072,87,1,0
28092,86,2,0
28115,87,1,0
28245,87,1,0
28970,87,1,0
29124,86,1,1
29176,87,1,0
29197,86,1,1
29206,87,1,0
29248,87,1,0
29405,87,1,0
29570,87,1,0
29650,87,1,0
29701,85,1,2
29834,87,1,0
29841,87,1,0
30175,87,1,0
30214,86,1,1
30215,87,1,0
30321,86,1,1
30404,87,1,0
30644,87,1,0
30921,87,1,0
30994,87,1,0
31019,87,1,0
31049,87,1,0
31383,87,1,0
31416,87,1,0
31435,87,1,0
31582,87,1,0
31600,87,1,0
31692,87,1,0
31714,87,1,0
31723,87,1,0
31782,86,2,0
32073,87,1,0
32233,86,1,1
32241,85,3,0
32261,87,1,0
32262,87,1,0
32558,86,1,1
32633,87,1,0
32662,87,1,0
32684,87,1,0
32685,87,1,0
32737,87,1,0
32740,87,1,0
32758,87,1,0
32940,87,1,0
32944,86,1,1
32955,87,1,0
33009,86,1,1
33047,87,1,0
33190,87,1,0
33198,87,1,0
33260,87,1,0
33350,87,1,0
33351,86,1,1
33352,87,1,0
33392,87,1,0
33412,86,1,1
33421,87,1,0
33440,87,1,0
33671,87,1,0
33702,87,1,0
33892,87,1,0
34033,87,1,0
34042,87,1,0
34187,87,1,0
34189,87,1,0
34307,87,1,0
34621,87,1,0
34624,87,1,0
34640,87,1,0
34662,87,1,0
34671,87,1,0
34684,87,1,0
34713,87,1,0
34739,87,1,0
34741,87,1,0
34752,87,1,0
34771,87,1,0
34772,87,1,0
34773,87,1,0
34774,86,2,0
34782,87,1,0
34848,87,1,0
34966,87,1,0
35025,87,1,0
35030,87,1,0
35037,87,1,0
35043,87,1,0
35086,87,1,0
35103,87,1,0
35130,87,1,0
35168,87,1,0
35204,87,1,0
35211,86,1,1
35359,87,1,0
35418,87,1,0
35625,87,1,0
35642,87,1,0
35783,85,1,2
35797,87,1,0
36002,87,1,0
36082,87,1,0
36089,87,1,0
36101,86,1,1
36181,87,1,0
36407,87,1,0
36435,87,1,0
36442,87,1,0
36590,87,1,0
36611,87,1,0
36619,87,1,0
36629,87,1,0
36657,87,1,0
36679,87,1,0
36680,87,1,0
36735,87,1,0
36751,87,1,0
36753,87,1,0
36760,87,1,0
36855,85,1,2
36858,87,1,0
36886,87,1,0
36908,87,1,0
36917,87,1,0
36999,87,1,0
37030,87,1,0
37126,87,1,0
37177,87,1,0
37248,87,1,0
37445,87,1,0
37607,87,1,0
37662,87,1,0
37914,85,3,0
37915,87,1,0
37947,86,1,1
37951,87,1,0
37954,87,1,0
37982,87,1,0
38049,86,1,1
38262,87,1,0
38481,87,1,0
38491,87,1,0
38967,87,1,0
39112,87,1,0
39170,87,1,0
39469,86,2,0
39904,87,1,0
39924,87,1,0
39928,87,1,0
