Gene,MutType,Position,Wild,Mut,Miss
ARHGEF10L,MS,180,76,1,3
KLHDC7A,MS,191,78,1,1
VWA5B1,MS,216,77,1,2
EPHA8,MS,235,78,1,1
RSRP1,MS,261,78,1,1
ARID1A,MS,273,79,1,0
KPNA6,MS,330,79,1,0
MRPS15,MS,365,77,1,2
DNALI1,MS,389,77,2,1
PTPRF,MS,449,77,1,2
TTC39A,MS,532,77,1,2
CLCA1,SY,917,79,1,0
PLPPR5,MS,1050,79,1,0
SLC16A1,MS,1223,79,1,0
CSDE1,MS,1241,78,1,1
IGSF3,SY,1272,79,1,0
HAO2,MS,1310,78,1,1
FLAD1,MS,1406,73,6,1
ASH1L,MS,1409,79,1,0
ILDR2,MS,1513,75,1,4
CD247,MS,1518,79,1,0
TNR,MS,1583,79,1,0
CACNA1E,MS,1675,78,1,1
PTPRC,MS,1888,79,1,0
ADORA1,MS,1932,79,1,0
LRRN2,SY,1939,78,1,1
CR1L,MS,1961,79,1,0
CAMK1G,MS,1981,78,1,1
CAPN8,MS,2193,79,1,0
IRF2BP2,SY,2308,78,1,1
RYR2,MS,2342,79,1,0
KIF26B,MS,2444,78,1,1
SNTG2,SY,2490,77,1,2
GREB1,SY,2636,79,1,0
NTSR2,MS,2638,78,1,1
DNMT3A,SG,2815,9,71,0
DNMT3A,MS,2816,79,1,0
DNMT3A,MS,2818,79,1,0
VRK2,SG,3178,79,1,0
WDPCP,SG,3218,79,1,0
ADD2,SY,3280,78,1,1
CTNNA2,SY,3427,79,1,0
ANKRD36C,MS,3538,79,1,0
ITPRIPL1,SY,3542,79,1,0
SULT1C2,SY,3657,79,1,0
MARCO,MS,3795,79,1,0
PTPN18,MS,3939,79,1,0
ITGA6,MS,4447,79,1,0
CXCR1,SY,4961,79,1,0
COL4A3,MS,5064,78,1,1
DNER,MS,5116,77,1,2
OR6B3,MS,5216,78,1,1
XIRP1,MS,5686,79,1,0
PRSS45,MS,5752,79,1,0
CELSR3,MS,5761,78,1,1
AMIGO3,SY,5776,79,1,0
RBM5,SY,5780,79,1,0
DNASE1L3,SY,5861,78,1,1
ADAMTS9,MS,5944,78,1,1
ABI3BP,MS,6394,79,1,0
ABHD10,MS,6522,79,1,0
USF3,MS,6538,79,1,0
COL6A6,SY,6725,79,1,0
WDR49,MS,7184,79,1,0
PLD1,MS,7216,79,1,0
ATP11B,SY,7339,78,2,0
MAP3K13,MS,7364,9,69,2
TRA2B,SY,7368,79,1,0
MXD4,SY,7505,75,1,4
SORCS2,MS,7561,79,1,0
CPZ,MS,7588,75,1,4
TMEM156,MS,8017,79,1,0
LNX1,SY,8152,79,1,0
ENAM,SY,8397,79,1,0
COX18,SY,8429,78,2,0
COPS4,MS,8529,68,12,0
TIGD2,SY,8580,79,1,0
TRIM2,MS,9389,79,1,0
DDX60,SY,9592,79,1,0
FAT1,SY,9834,79,1,0
SLC9A3,SS,9901,77,1,2
ICE1,MS,9999,79,1,0
DNAH5,SY,10122,79,1,0
MARCH11,MS,10176,79,1,0
CKMT2,SY,10927,77,1,2
KIAA0825,MS,11102,77,2,1
ARSK,SY,11109,77,1,2
GPR150,MS,11111,76,1,3
WDR36,SG,11318,79,1,0
PCDHB1,MS,11691,79,1,0
PCDHB3,MS,11693,79,1,0
PCDHB6,MS,11694,78,1,1
PCDHB16,MS,11697,79,1,0
PCDHB9,MS,11698,79,1,0
PCDHGA6,SY,11702,79,1,0
DIAPH1,MS,11706,78,1,1
HTR4,MS,11780,78,1,1
SLC26A2,SY,11796,79,1,0
GRIA1,MS,11847,77,1,2
FAM71B,MS,11914,79,1,0
ZBED8,MS,11954,79,1,0
TBC1D9B,MS,12179,79,1,0
GFPT2,MS,12186,79,1,0
TUBB2B,MS,12234,79,1,0
SYCP2L,MS,12311,79,1,0
MUC22,MS,12510,79,1,0
SLC44A4,MS,12520,79,1,0
RXRB,SY,12529,78,1,1
DNAH8,MS,12575,79,1,0
YIPF3,SY,12623,79,1,0
TMEM63B,MS,12627,79,1,0
PKHD1,SY,12720,78,2,0
PKHD1,MS,12725,79,1,0
FAM83B,SY,12763,79,1,0
EYS,MS,12895,78,1,1
KCNQ5,SS,13021,78,1,1
COL12A1,MS,13045,79,1,0
PHIP,SS,13099,79,1,0
GRIK2,MS,13458,78,1,1
ENPP1,SS,13817,79,1,0
SGK1,MS,13850,78,1,1
PLEKHG1,SY,14020,78,1,1
AKAP12,MS,14025,79,1,0
TAGAP,MS,14092,78,1,1
SLC22A2,MS,14117,79,1,0
DNAAF5,MS,14264,78,1,1
NXPH1,MS,14341,79,1,0
UBE2D4,MS,14729,79,1,0
SUN3,SY,14779,79,1,0
VSTM2A,SY,14869,78,1,1
EGFR,SS,14884,79,1,0
TMEM248,MS,14980,79,1,0
PCLO,SY,15149,78,1,1
KIAA1324L,MS,15196,79,1,0
CALCR,SY,15256,79,1,0
ARPC1B,MS,15330,79,1,0
PIK3CG,MS,15411,78,1,1
LRRN3,MS,15457,79,1,0
CTTNBP2,SY,15537,78,1,1
FLNC,SY,15706,79,1,0
CPA4,SY,15720,79,1,0
PARP12,MS,15822,78,1,1
TRPV5,MS,15852,8,71,1
KEL,SY,15854,79,1,0
ARHGEF5,MS,15866,77,1,2
KCNH2,MS,15946,10,70,0
IQCA1L,SG,15950,79,1,0
CSMD1,MS,16115,79,1,0
LONRF1,MS,16262,78,1,1
MSR1,MS,16309,79,1,0
SLC39A14,MS,16392,79,1,0
ASH2L,MS,16630,79,1,0
ASH2L,MS,16631,79,1,0
POMK,MS,16695,79,1,0
PXDNL,MS,16770,79,1,0
RP1,MS,16819,79,1,0
ZHX1,SY,17674,72,8,0
TG,SY,17770,77,1,2
TG,SY,17772,79,1,0
DMRT3,SY,17952,75,1,4
TYRP1,MS,18116,74,1,5
DNAJA1,SY,18436,74,1,5
TESK1,MS,18458,74,1,5
PALM2,SY,19001,79,1,0
PAPPA,MS,19068,79,1,0
CDK5RAP2,MS,19150,79,1,0
MEGF9,MS,19151,79,1,0
SH2D3C,MS,19210,77,1,2
LAMC3,MS,19252,76,3,1
PLPP7,SY,19256,77,1,2
MED27,SY,19261,76,1,3
GTF3C5,MS,19267,78,1,1
KCNT1,SY,19301,78,1,1
STOX1,SY,20077,79,1,0
TSPAN15,SY,20081,77,1,2
DLG5,SY,20155,78,1,1
NRG3,MS,20206,78,1,1
MMRN2,SY,20303,78,1,1
SORBS1,MS,20391,79,1,0
C10orf12,MS,20408,79,1,0
CWF19L1,MS,20460,79,1,0
VWA2,SY,20661,79,1,0
DMBT1,MS,20758,79,1,0
PTPRE,MS,20839,78,1,1
TCERG1L,MS,20881,79,1,0
KNDC1,SY,20909,77,1,2
SLC25A22,MS,20917,78,1,1
SYT8,MS,20932,77,1,2
NUP98,MS,20949,79,1,0
DCHS1,SY,20978,77,1,2
OR2AG2,MS,20981,78,1,1
NCR3LG1,SY,21117,76,4,0
BBOX1,SY,21237,79,1,0
CKAP5,MS,21516,79,1,0
OR4A47,SY,21535,79,1,0
OR4C6,MS,21593,79,1,0
OR5M8,MS,21612,79,1,0
OR9G1,SY,21614,79,1,0
OR6Q1,MS,21638,79,1,0
CAPN5,MS,21823,77,2,1
NARS2,MS,21836,78,1,1
TENM4,MS,21838,79,1,0
UBTFL1,MS,21993,79,1,0
HEPHL1,MS,22049,78,1,1
NCAM1,MS,22266,79,1,0
RBM7,SY,22271,77,3,0
DSCAML1,SY,22298,78,1,1
VPS11,MS,22309,78,1,1
HSPA8,SY,22350,79,1,0
OR10G9,SY,22363,79,1,0
ENO2,MS,22569,77,1,2
SLCO1B1,MS,22736,78,1,1
ABCC9,MS,22745,79,1,0
TMEM117,MS,22963,79,1,0
RAPGEF3,SY,23001,77,1,2
ASIC1,MS,23025,76,1,3
KRT6A,MS,23043,78,2,0
SOAT2,MS,23049,79,1,0
PCBP2,MS,23054,77,3,0
ATF7,SY,23055,78,1,1
ATF7,SG,23056,79,1,0
CPM,MS,23209,79,1,0
PRDM4,MS,23686,79,1,0
CIT,MS,23843,79,1,0
HCAR3,SG,23863,79,1,0
MPHOSPH9,MS,23865,78,1,1
SBNO1,MS,23867,79,1,0
NAA16,SY,24291,79,1,0
MED4,MS,24347,79,1,0
ARL11,MS,24360,77,1,2
OLFM4,SY,24398,78,1,1
MYCBP2,MS,24749,79,1,0
CCDC168,MS,25072,79,1,0
LIG4,MS,25133,79,1,0
COL4A1,MS,25167,79,1,0
COL4A1,SY,25168,78,1,1
ARHGEF7,SG,25178,79,1,0
MYH7,MS,25269,78,1,1
FITM1,MS,25273,78,1,1
RP11-468E2.1,SY,25274,77,1,2
ARHGAP5,SG,25391,79,1,0
TTC6,MS,25468,78,1,1
PRPF39,MS,25599,79,1,0
PPM1A,MS,25766,79,1,0
SYNE2,MS,25816,79,1,0
RBM25,MS,25909,79,1,0
ZC2HC1C,SY,25928,79,1,0
SERPINA1,SY,26173,77,1,2
BCL11B,SY,26236,73,1,6
WDR20,MS,26270,79,1,0
HERC2,MS,26449,78,1,1
RYR3,MS,26487,79,1,0
SEMA6D,MS,26637,79,1,0
GLDN,MS,26669,78,1,1
TCF12,MS,26724,9,70,1
LINGO1,MS,26911,78,1,1
AP3B2,SY,26956,79,1,0
BNC1,MS,26960,77,2,1
ADAMTSL3,SY,26966,79,1,0
ADAMTSL3,MS,26967,79,1,0
NGRN,MS,27064,78,1,1
ADAMTS17,MS,27179,79,1,0
PRR35,SY,27197,77,1,2
CACNA1H,MS,27206,78,1,1
TXNDC11,MS,27355,79,1,0
RRN3,MS,27390,79,1,0
NOMO3,SY,27401,9,69,2
ACSM2B,SS,27449,79,1,0
VWA3A,SS,27461,9,70,1
PHKG2,SY,27571,78,1,1
PRSS53,MS,27573,78,1,1
SLC12A3,MS,27809,78,1,1
FAM65A,MS,27984,78,1,1
RLTPR,MS,27985,78,1,1
ENKD1,MS,27986,78,1,1
ZFHX3,MS,28039,78,1,1
WDR59,MS,28067,79,1,0
OR1D2,MS,28278,78,1,1
GSG2,SY,28283,79,1,0
MYH1,SS,28349,77,1,2
MYH2,MS,28350,78,1,1
DNAH9,MS,28372,79,1,0
DRG2,MS,28448,77,1,2
MYO15A,MS,28449,67,11,2
SHMT1,SY,28450,79,1,0
MAPK7,SY,28456,78,1,1
FAM222B,SY,28521,76,2,2
SEZ6,SY,28523,78,1,1
MED1,MS,28623,79,1,0
IKZF3,MS,28624,78,1,1
HAP1,SY,28643,78,1,1
RNF43,MS,28812,73,6,1
TRIM37,MS,28823,79,1,0
KCNH6,MS,28867,76,3,1
PRKAR1A,SG,28918,79,1,0
SPHK1,MS,29004,78,1,1
EPB41L3,SY,29129,75,2,3
DSG3,MS,29374,79,1,0
ELP2,MS,29435,78,1,1
ALPK2,MS,29773,79,1,0
SERPINB4,SY,29839,77,3,0
SERPINB4,MS,29841,78,1,1
DSEL,MS,29894,79,1,0
ABCA7,MS,30093,78,1,1
APC2,MS,30099,76,1,3
SEMA6B,MS,30123,78,1,1
PTPRS,MS,30132,77,1,2
DUS3L,MS,30144,79,1,0
LRRC8E,MS,30159,77,3,0
CYP4F2,SY,30234,77,3,0
JUND,MS,30254,72,1,7
NPHS1,MS,30434,76,1,3
ZNF260,MS,30440,79,1,0
ZNF569,MS,30445,77,1,2
WDR87,SG,30447,79,1,0
IFNL1,MS,30455,77,1,2
DLL3,MS,30456,78,1,1
PSG5,SY,30495,79,1,0
PINLYP,SY,30499,78,1,1
LYPD5,MS,30503,78,1,1
DHX34,MS,30538,78,1,1
KLK1,MS,30579,79,1,0
SIGLECL1,MS,30584,78,1,1
ERVV-1,MS,30598,75,3,2
USP29,MS,30648,79,1,0
ZSCAN4,SY,30653,79,1,0
ZNF418,SY,30656,78,1,1
CHGB,MS,30725,79,1,0
PAK7,MS,30768,78,1,1
PYGB,MS,30972,9,71,0
BPIFB1,MS,31004,79,1,0
CHMP4B,MS,31007,75,2,3
RBM12,MS,31027,79,1,0
CHD6,MS,31101,79,1,0
KCNS1,SY,31153,78,1,1
ARFGEF2,MS,31205,79,1,0
NKAIN4,MS,31393,79,1,0
TPD52L2,SY,31401,79,1,0
TIAM1,MS,31648,79,1,0
RIPK4,SY,31750,78,1,1
SIK1,SY,31761,78,1,1
SEC14L2,MS,31921,79,1,0
OSBP2,SY,31933,77,1,2
CACNG2,MS,32010,76,1,3
GGA1,MS,32020,79,1,0
ASB11,MS,32399,79,1,0
BEND2,SY,32441,79,1,0
CHST7,MS,32992,77,1,2
RBM10,SY,33002,77,1,2
PORCN,MS,33017,78,1,1
CACNA1F,MS,33031,77,1,2
RRAGB,MS,33145,79,1,0
MSN,SY,33256,79,1,0
MED12,MS,33344,78,2,0
NONO,MS,33348,78,2,0
ITGB1BP2,MS,33349,78,1,1
UPRT,SG,33408,78,1,1
MAGT1,SY,33453,78,1,1
RNF128,MS,33992,78,1,1
ATG4A,SS,34014,79,1,0
COL4A6,MS,34015,78,1,1
COL4A6,MS,34016,79,1,0
RGAG1,MS,34050,79,1,0
UPF3B,SS,34212,79,1,0
RP13-147D17.3,MS,34327,77,1,2
ENOX2,SY,34430,79,1,0
IGSF1,SY,34434,79,1,0
SLITRK4,MS,34666,76,1,3
FMR1,SY,34768,78,1,1
GABRA3,SG,34844,79,1,0
ATP2B3,MS,34869,79,1,0
FLNA,SY,34880,78,1,1
EMD,SY,34881,77,1,2