"Position","Wild","Mut","Miss"
126,28,0,0
317,24,0,0
331,28,0,0
375,30,0,0
892,31,1,0
945,22,0,0
1017,26,1,0
1023,37,0,0
1045,43,0,0
1049,27,0,0
1050,27,0,0
1069,35,0,0
1124,32,0,0
1173,25,0,0
1219,33,0,0
1223,31,0,0
1327,22,0,0
1426,27,0,0
1497,32,0,0
1577,29,0,0
1691,24,0,0
1727,36,0,0
1731,24,0,0
1732,18,0,0
1741,29,0,0
1744,41,0,0
1770,30,0,0
1815,28,0,0
2020,28,0,0
2030,37,0,0
2118,33,0,0
2125,32,0,0
2131,29,0,0
2149,27,0,0
2154,28,0,0
2158,23,0,0
2198,18,0,0
2465,33,0,0
2466,27,0,0
2553,32,0,0
2555,45,0,0
2626,29,0,0
2629,30,0,0
2633,24,0,0
2686,33,0,0
2712,33,0,0
2713,33,0,0
2724,35,0,0
2780,37,1,0
2807,26,0,0
2863,29,0,0
2867,37,0,0
2876,25,0,0
2878,26,0,0
2955,33,0,0
3004,39,1,0
3009,31,0,0
3011,38,0,0
3017,21,0,0
3032,30,0,0
3063,24,0,0
3072,37,0,0
3073,34,0,0
3090,35,0,0
3133,27,0,0
3135,33,0,0
3176,29,0,0
3199,33,0,0
3206,25,0,0
3247,28,0,0
3248,24,0,0
3252,27,0,0
3282,36,0,0
3283,34,0,0
3304,37,0,0
3324,28,1,0
3356,31,0,0
3374,29,0,0
3380,28,0,0
3390,26,0,0
3393,45,0,0
3416,31,0,0
3427,35,0,0
3544,31,1,0
3624,24,0,0
3845,31,0,0
3877,27,0,0
4129,28,0,0
4349,36,0,0
4399,24,0,0
4405,34,0,0
4436,31,0,0
4463,30,0,0
4491,34,0,0
4517,37,1,0
4551,30,0,0
4557,31,0,0
4677,41,0,0
4702,32,0,0
4726,33,0,0
5081,38,0,0
5163,30,0,0
5268,26,0,0
5282,33,0,0
5315,25,0,0
5366,42,1,0
5434,32,0,0
5518,34,0,0
6263,32,0,0
6586,41,0,0
6646,19,0,0
6685,32,0,0
6688,35,0,0
6695,29,0,0
6721,27,0,0
6727,34,0,0
6722,29,0,0
7020,32,1,0
7032,23,0,0
7033,28,0,0
7116,32,0,0
7196,39,0,0
7224,28,0,0
7385,32,0,0
7516,30,0,0
7532,33,0,0
7543,28,0,0
7610,37,0,0
7760,25,0,0
7775,24,0,0
7867,39,0,0
7951,37,0,0
7958,19,0,0
8025,26,0,0
8196,35,0,0
8209,23,0,0
8210,35,0,0
8211,23,0,0
8408,30,0,0
8487,25,0,0
8569,48,0,0
8715,26,0,0
8991,39,0,0
9025,23,0,0
9028,26,0,0
9083,30,0,0
9199,34,0,0
9288,44,0,0
9337,30,0,0
9359,26,0,0
9438,26,0,0
9478,30,0,0
9511,39,0,0
9512,25,0,0
9583,35,1,0
9631,28,0,0
9745,22,0,0
9756,38,0,0
9784,19,0,0
9898,26,0,0
9976,30,0,0
10235,24,0,0
10236,27,0,0
10256,24,0,0
10270,28,0,0
10345,28,0,0
10348,30,0,0
10365,35,0,0
10366,23,0,0
10367,29,0,0
10346,34,0,0
10955,32,0,0
11072,22,0,0
11231,35,0,0
11232,34,0,0
11326,23,0,0
11334,34,1,0
11380,34,0,0
11381,27,0,0
11468,32,0,0
11488,29,0,0
11492,32,0,0
11494,28,0,0
11559,25,0,0
11561,30,0,0
11585,32,0,0
11603,26,0,0
11621,45,1,0
11708,33,0,0
11939,38,0,0
11966,23,0,0
11969,33,1,0
11988,32,0,0
12020,36,0,0
12024,31,0,0
12083,27,0,0
12097,28,0,0
12115,36,0,0
12122,30,0,0
12143,24,0,0
12126,37,0,0
12274,31,0,0
12277,18,0,0
12285,21,0,0
12297,34,1,0
12349,34,0,0
12377,31,0,0
12382,26,0,0
12441,35,0,0
12504,32,0,0
12718,30,0,0
12739,26,0,0
12894,36,0,0
12983,33,0,0
13017,47,0,0
13058,36,0,0
13071,27,0,0
13111,30,0,0
13142,26,0,0
13169,26,0,0
13195,43,0,0
13196,35,0,0
13208,28,0,0
13210,34,0,0
13650,31,0,0
13668,35,0,0
13734,26,0,0
13736,36,0,0
13781,21,0,0
13837,23,0,0
13847,26,0,0
13893,31,0,0
13902,28,0,0
13925,36,0,0
14466,34,0,0
14482,29,0,0
14483,24,0,0
14492,24,0,0
14773,39,0,0
14820,23,0,0
14872,30,0,0
15219,36,0,0
15235,30,0,0
15236,26,0,0
15279,29,0,0
15592,33,0,0
16361,26,0,0
16507,33,0,0
16566,24,0,0
16670,36,0,0
16672,21,0,0
16774,31,0,0
16816,45,0,0
16859,25,0,0
16872,36,0,0
16957,30,0,0
16970,24,0,0
17029,33,0,0
17112,25,0,0
17164,29,0,0
17226,28,0,0
17590,31,0,0
17809,39,0,0
18007,39,0,0
18026,36,0,0
18107,32,0,0
18115,33,0,0
18116,37,0,0
18136,33,0,0
18137,31,0,0
18230,38,0,0
18358,38,0,0
19288,32,0,0
19327,24,0,0
19360,27,0,0
19378,32,0,0
19623,22,0,0
19628,24,0,0
19688,26,0,0
19691,31,0,0
19925,37,0,0
19927,29,0,0
20006,32,0,0
20137,28,0,0
20187,29,0,0
20232,36,0,0
20401,27,0,0
20407,37,0,0
21264,33,0,0
21296,33,0,0
21299,32,0,0
21312,31,0,0
21313,21,0,0
21489,30,0,0
21666,30,0,0
21682,27,1,0
21714,39,0,0
21896,40,0,0
21992,28,0,0
21994,37,0,0
21999,24,0,0
22002,28,0,0
22149,40,0,0
22412,29,0,0
22446,28,0,0
22469,39,0,0
22582,34,0,0
22673,33,0,0
22716,32,0,0
22883,26,0,0
22978,19,0,0
23030,35,0,0
23078,28,0,0
23123,35,0,0
23636,30,0,0
23873,27,0,0
24145,32,0,0
24250,27,0,0
24483,35,0,0
24484,28,0,0
24544,26,0,0
24567,36,0,0
24615,30,0,0
24740,23,0,0
24821,32,0,0
24847,25,0,0
25100,38,0,0
25559,32,0,0
25565,22,0,0
25603,25,0,0
25627,19,0,0
25719,32,0,0
25840,31,0,0
26288,24,0,0
26344,22,0,0
26413,24,0,0
26521,32,0,0
26579,34,0,0
26580,26,0,0
26657,33,0,0
26658,35,0,0
26680,32,0,0
26794,26,0,0
26857,27,0,0
27002,28,1,0
27123,24,0,0
27219,33,1,0
27289,36,0,0
27692,33,0,0
27868,29,0,0
27870,21,0,0
27871,45,0,0
27872,37,0,0
28128,27,0,0
28176,28,0,0
28177,24,0,0
28181,30,0,0
28183,25,0,0
28203,24,0,0
28239,32,0,0
28306,31,0,0
28314,30,0,0
28328,30,0,0
28367,28,0,0
28372,23,0,0
28581,34,0,0
28659,36,0,0
28626,34,0,0
28643,27,0,0
28761,40,0,0
28822,27,0,0
28854,38,0,0
28909,24,0,0
28921,25,0,0
29011,30,0,0
29047,27,0,0
29060,41,0,0
29073,34,0,0
29076,33,0,0
29203,33,0,0
29285,29,0,0
29297,31,0,0
29348,33,0,0
29357,35,1,0
29362,29,0,0
29391,29,0,0
29442,26,0,0
29859,38,0,0
29917,25,0,0
29933,33,0,0
30069,35,0,0
30221,25,0,0
30223,31,0,0
30359,35,0,0
30409,25,0,0
30428,39,0,0
30462,29,0,0
30567,29,0,0
30800,39,0,0
30801,32,0,0
30809,18,0,0
30816,26,0,0
30890,40,0,0
30895,36,0,0
30916,34,0,0
30918,28,0,0
30932,20,1,0
30947,41,0,0
31040,26,0,0
31204,29,0,0
31250,26,0,0
31265,25,0,0
31353,27,0,0
31358,31,0,0
31366,22,0,0
31382,34,0,0
31393,34,0,0
31454,26,0,0
31516,35,0,0
31558,30,0,0
31565,22,0,0
31598,27,0,0
31926,24,0,0
31940,27,0,0
31944,34,0,0
31976,36,0,0
32432,36,0,0
32446,36,0,0
32454,25,0,0
32578,20,0,0
32659,37,0,0
32672,32,0,0
32720,36,1,0
32751,37,0,0
32757,33,0,0
32820,29,0,0
32823,31,0,0
32950,24,0,0
32963,36,0,0
32967,26,0,0
33073,27,0,0
33130,30,0,0
33206,28,0,0
33236,28,0,0
33267,28,0,0
33371,21,0,0
33394,30,0,0
33441,31,0,0
33650,26,0,0
33690,17,0,0
33995,32,0,0
33996,27,0,0
34043,24,0,0
34081,24,0,0
34270,29,0,0
34329,28,0,0
34429,23,0,0
34476,25,0,0
34534,33,0,0
34603,40,0,0
34689,24,0,0
34691,23,0,0
34694,33,0,0
34732,36,0,0
34775,23,1,0
34856,35,0,0
34861,32,0,0
34917,40,0,0
34943,30,0,0
35051,22,0,0
35081,27,0,0
35254,25,0,0
35762,35,0,0
35831,20,0,0
35986,30,0,0
36012,35,1,0
36074,34,0,0
36081,39,0,0
36102,25,0,0
36135,27,0,0
36149,26,0,0
36206,30,0,0
36262,33,0,0
36294,31,0,0
36496,21,0,0
36678,24,0,0
36710,30,0,0
36722,34,0,0
36757,28,0,0
36765,31,0,0
36767,36,0,0
36768,21,0,0
36781,27,0,0
36786,29,0,0
36817,23,0,0
36853,23,0,0
36878,31,0,0
36992,24,0,0
37011,33,0,0
37013,30,0,0
37088,26,0,0
37148,33,0,0
37162,36,0,0
37195,30,0,0
37222,30,0,0
37246,30,0,0
37273,31,0,0
37320,34,0,0
37369,27,0,0
37371,43,0,0
37462,30,0,0
37467,34,0,0
37468,21,0,0
37489,29,0,0
37490,39,0,0
37492,28,0,0
37507,25,0,0
37549,28,0,0
37597,30,0,0
37647,23,0,0
37665,24,0,0
37686,34,0,0
37687,20,0,0
37690,34,0,0
37691,30,0,0
37715,26,0,0
37716,35,0,0
37722,35,0,0
37748,29,0,0
37757,32,0,0
37759,38,0,0
37763,37,0,0
37803,20,0,0
37817,31,0,0
37830,29,0,0
37914,24,1,0
37915,26,0,0
37918,26,0,0
37991,35,1,0
38038,21,0,0
38068,35,0,0
38133,33,0,0
38135,37,0,0
38183,23,0,0
38188,16,0,0
38255,31,0,0
38303,30,0,0
38390,24,0,0
38391,22,0,0
38400,25,0,0
38418,26,0,0
38494,30,0,0
38509,28,0,0
38511,26,0,0
38527,31,0,0
38601,28,0,0
38777,42,0,0
38877,21,0,0
39274,32,0,0
39444,26,0,0
39507,28,0,0
40076,26,0,0
40077,27,0,0
40090,24,0,0
40183,38,0,0
40205,32,0,0
40227,33,1,0
40859,20,0,0
40910,28,0,0
40968,28,0,0
40969,25,0,0
41092,34,0,0
41130,23,0,0
41168,37,0,0
41213,25,0,0
41532,20,0,0
41538,25,0,0
41539,30,0,0
41633,24,0,0
41639,25,0,0
41640,35,0,0
41679,35,0,0
41712,25,0,0
41749,28,0,0
41752,29,0,0
41799,32,0,0
41871,35,0,0
41987,35,0,0
42024,29,0,0
42278,38,0,0
42332,26,0,0
42359,32,0,0
42521,18,0,0
42595,31,0,0
42642,36,0,0
42646,33,0,0
42652,34,0,0
42773,32,0,0
42781,38,1,0
42783,18,0,0
42813,30,0,0
42832,27,0,0
42833,34,0,0
42844,21,0,0
42857,25,0,0
42922,22,0,0
42923,25,0,0
43065,29,0,0
43397,28,0,0
43515,35,0,0
43777,30,0,0
43897,26,0,0
43900,31,0,0
43970,26,0,0
44107,27,1,0
44109,36,0,0
44115,38,0,0
44129,38,0,0
44207,32,0,0
44613,39,0,0
44651,28,0,0
44721,27,0,0
44853,26,0,0
44866,29,0,0
44901,31,0,0
44909,34,0,0
45183,24,0,0
45186,37,0,0
45370,29,0,0
45516,21,0,0
45523,28,0,0
45535,22,0,0
45561,31,0,0
45657,32,0,0
45712,31,0,0
45759,31,0,0
45774,22,0,0
46165,25,0,0
46308,31,0,0
46475,34,0,0
46572,31,0,0
46646,28,0,0
46828,32,0,0
46831,23,0,0
46977,18,0,0
46991,33,0,0
47009,28,0,0
47010,31,1,0
47058,25,0,0
47065,24,0,0
47085,33,0,0
47101,32,0,0
47105,32,1,0
47118,39,0,0
47188,26,0,0
47190,28,0,0
47207,39,0,0
47293,30,0,0
47294,27,0,0
47299,24,0,0
47312,29,0,0
47313,28,0,0
47345,27,1,0
47354,28,0,0
47376,27,0,0
47379,38,0,0
47381,35,0,0
47473,39,0,0
47480,40,0,0
47578,31,1,0
47609,37,0,0
47618,25,0,0
47640,38,0,0
47651,36,0,0
47652,27,0,0
47662,20,0,0
47684,32,0,0
47688,27,0,0
47723,27,0,0
47724,39,0,0
47728,22,0,0
47748,40,0,0
47749,29,0,0
47750,31,0,0
47885,28,0,0
48082,33,0,0
48440,29,0,0
48574,26,0,0
48590,17,0,0
48683,30,0,0
48720,38,0,0
48738,30,0,0
48880,36,0,0
48881,42,0,0
48890,32,0,0
48899,40,0,0
48930,34,0,0
48933,45,0,0
48950,32,0,0
48957,24,0,0
49246,24,0,0
49396,33,0,0
49469,36,0,0
49725,28,0,0
49754,29,0,0
49755,28,0,0
49782,27,0,0
49803,24,0,0
49802,21,0,0
49811,33,0,0
49852,25,0,0
49901,28,0,0
50440,35,0,0
50681,38,0,0
50940,24,0,0
51133,29,0,0
51341,25,0,0
51347,31,0,0
51416,28,0,0
51588,24,0,0
51592,29,0,0
51772,31,0,0
51819,30,0,0
51884,25,0,0
52079,32,1,0
52723,32,0,0
52733,37,0,0
52953,27,0,0
53167,27,0,0
53232,26,0,0
53327,30,0,0
53456,31,0,0
53752,29,0,0
53800,25,0,0
53842,22,0,0
53855,28,0,0
54083,35,0,0
54547,31,0,0
54548,27,0,0
54762,27,0,0
54839,24,0,0
54870,29,0,0
54968,29,0,0
55070,35,0,0
55084,28,0,0
55091,33,0,0
55234,33,0,0
55266,28,0,0
55291,35,0,0
55468,28,0,0
55519,40,0,0
55542,33,0,0
55544,27,0,0
55545,37,1,0
55573,28,0,0
55610,43,0,0
55723,33,0,0
55730,29,0,0
55788,25,0,0
56009,34,0,0
56993,37,0,0
58706,28,0,0
58820,34,0,0
59350,36,0,0
59351,38,0,0
60478,32,0,0
60485,38,0,0
60620,31,0,0
60651,27,0,0
60783,33,0,0
60784,26,0,0
60798,27,0,0
60809,30,0,0
60811,34,0,0
60837,31,0,0
60926,46,0,0
61013,27,0,0
61038,23,0,0
61195,31,0,0
61202,22,0,0
61224,30,0,0
61262,26,0,0
61291,32,0,0
61305,24,1,0
61344,26,0,0
61466,34,0,0
61476,37,0,0
61479,26,0,0
61490,32,0,0
61498,30,0,0
61509,21,0,0
61510,39,0,0
61550,39,2,0
61562,30,0,0
61563,31,0,0
61568,37,0,0
62447,36,0,0
62448,26,0,0
62449,18,0,0
62632,29,0,0
62662,23,0,0
62737,41,0,0
62748,23,0,0
62815,37,0,0
62819,33,0,0
62968,40,0,0
62973,27,0,0
62981,29,0,0
63303,30,0,0
64224,36,0,0
64250,39,0,0
64258,26,0,0
64335,24,0,0
64364,16,0,0
64369,21,0,0
64394,26,0,0
64519,32,0,0
64674,29,0,0
64759,31,0,0
64857,29,0,0
65052,29,1,0
65279,28,0,0
65286,23,0,0
65340,28,0,0
65347,33,0,0
65351,35,0,0
65350,40,0,0
65353,29,1,0
65517,38,0,0
65584,35,0,0
65702,32,0,0
65767,30,0,0
65923,25,0,0
66074,27,0,0
66179,31,0,0
66180,29,0,0
66208,23,0,0
66476,21,0,0
66543,31,0,0
67419,21,0,0
67428,34,0,0
67557,29,0,0
67677,16,0,0
67722,36,0,0
67793,30,0,0
67795,30,0,0
67813,26,0,0
67817,35,1,0
67839,24,0,0
68345,23,0,0
68424,35,0,0
68438,27,0,0
68506,43,0,0
68562,33,0,0
68745,32,0,0
68785,24,0,0
68786,30,0,0
68962,29,0,0
69379,34,1,0
69559,35,0,0
69769,32,0,0
69778,31,0,0
69788,27,0,0
69807,34,0,0
70100,25,0,0
70263,29,0,0
70293,18,0,0
70298,23,0,0
70309,16,0,0
70317,26,0,0
70325,25,0,0
70377,27,0,0
70383,30,0,0
70386,25,0,0
70387,27,0,0
70389,25,0,0
70416,30,0,0
70419,27,0,0
70463,34,0,0
70475,24,0,0
70478,30,0,0
70494,31,0,0
70496,36,0,0
70587,33,0,0
70890,32,0,0
70949,32,0,0
71006,22,0,0
71053,29,0,0
71056,24,0,0
71138,27,0,0
71185,25,0,0
71195,25,0,0
71211,29,0,0
71363,36,0,0
71420,28,0,0
71450,36,1,0
71465,22,0,0
71487,25,0,0
71649,23,0,0
72069,28,0,0
72089,32,0,0
72091,31,0,0
72252,38,0,0
72264,31,0,0
72288,27,0,0
72369,30,0,0
72426,30,0,0
72473,30,1,0
72503,28,0,0
72554,24,0,0
72565,27,0,0
72573,24,0,0
72666,40,0,0
72708,24,0,0
72781,42,0,0
72786,24,0,0
72816,39,0,0
72833,24,0,0
72834,29,0,0
72908,28,1,0
72935,28,0,0
72978,34,0,0
73158,25,0,0
73185,22,0,0
73267,16,0,0
73287,39,0,0
73377,33,0,0
73424,36,0,0
73425,29,0,0
73549,35,0,0
73878,25,0,0
73883,28,0,0
73932,31,0,0
73991,22,1,0
74009,23,0,0
74303,32,0,0
74311,35,0,0
74860,29,0,0
74885,28,0,0
75029,37,0,0
75039,19,0,0
75041,36,0,0
75030,30,0,0
75040,38,0,0
75066,33,0,0
75167,26,0,0
75289,37,0,0
75385,32,0,0
75424,29,0,0
75614,31,0,0
75625,22,0,0
75655,35,0,0
75658,28,0,0
75670,27,0,0
75752,31,0,0
75755,30,0,0
75758,33,0,0
75771,34,0,0
75804,40,0,0
75808,27,0,0
75824,30,0,0
75837,25,0,0
75862,36,0,0
75964,22,0,0
75984,25,0,0
75986,27,0,0
75997,23,0,0
75999,33,0,0
76118,26,0,0
76239,28,0,0
76381,32,0,0
76462,31,0,0
76474,29,0,0
76492,29,1,0
76494,24,0,0
76505,23,0,0
76544,31,0,0
76561,26,0,0
76574,24,0,0
76584,29,0,0
76599,29,0,0
76607,27,0,0
76619,19,0,0
76620,27,0,0
76621,28,0,0
76633,21,0,0
76641,22,0,0
76645,34,0,0
76793,16,1,0
77086,34,0,0
77087,38,0,0
77151,33,0,0
77158,32,0,0
77159,32,0,0
77165,36,0,0
77169,32,0,0
77171,33,0,0
77205,33,0,0
77236,37,0,0
77273,25,1,0
77348,29,0,0
77497,32,0,0
77531,29,0,0
78055,27,0,0
78209,30,0,0
78368,26,0,0
78381,34,0,0
78382,22,0,0
78409,27,0,0
78415,30,0,0
78458,41,0,0
78680,23,0,0
78972,27,0,0
78973,29,1,0
79358,28,0,0
79737,33,0,0
79767,33,0,0
79775,31,0,0
79783,31,0,0
79795,22,0,0
79809,28,0,0
79904,19,0,0
79935,27,0,0
80177,27,0,0
80327,33,0,0
80329,38,0,0
80366,22,0,0
80549,31,0,0
80783,27,0,0
81089,29,0,0
81388,35,0,0
81404,33,0,0
81470,27,0,0
81566,32,0,0
81770,28,0,0
81787,33,1,0
81822,37,0,0
81885,34,0,0
81886,27,0,0
81892,24,0,0
81908,27,0,0
81944,30,0,0
81946,27,0,0
81952,42,0,0
81960,27,0,0
81979,20,0,0
81981,28,0,0
81988,28,0,0
82110,38,0,0
82158,30,0,0
82159,25,1,0
82161,27,0,0
82174,25,0,0
82176,43,0,0
82181,33,0,0
82182,34,0,0
82183,38,0,0
82184,22,0,0
82185,25,0,0
82186,29,0,0
82188,35,0,0
82189,37,0,0
82347,30,0,0
82348,26,0,0
82372,30,0,0
82532,28,0,0
82635,36,0,0
82654,38,0,0
82681,22,0,0
82750,24,0,0
82772,40,0,0
82931,29,0,0
82946,29,0,0
82947,27,0,0
82950,35,0,0
82951,25,0,0
83005,19,0,0
83015,27,0,0
83022,35,0,0
83052,29,0,0
83252,24,0,0
83322,21,0,0
83340,38,0,0
83375,26,0,0
83378,22,0,0
83384,25,0,0
83393,34,0,0
83471,38,0,0
83479,27,0,0
83615,24,0,0
83653,35,0,0
83913,31,0,0
83949,27,0,0
83951,32,0,0
84015,29,0,0
84028,25,0,0
84040,36,0,0
84092,27,0,0
84094,31,0,0
84121,40,0,0
84139,32,0,0
84167,30,0,0
84173,24,0,0
84196,22,0,0
84244,33,0,0
84259,31,0,0
84276,48,0,0
84285,25,0,0
84314,35,0,0
84329,33,0,0
84340,38,0,0
84360,33,0,0
84393,32,0,0
84419,38,0,0
84431,35,0,0
84439,27,0,0
84441,41,0,0
84442,28,0,0
84445,29,0,0
84448,40,0,0
84474,35,0,0
84564,26,0,0
84565,29,0,0
84583,25,0,0
84606,32,0,0
84624,29,0,0
84631,32,0,0
84699,34,0,0
84716,26,0,0
84737,32,0,0
84738,30,0,0
84740,29,0,0
84775,43,0,0
84787,32,0,0
84813,35,0,0
84829,23,0,0
84867,34,0,0
84871,26,0,0
84960,37,0,0
84999,32,0,0
85001,27,0,0
85010,37,0,0
85011,21,0,0
85012,30,0,0
85024,34,0,0
85030,31,0,0
85042,21,0,0
85043,33,0,0
85050,28,0,0
85060,29,0,0
85736,19,1,0
85788,38,0,0
85807,40,0,0
85806,39,0,0
85933,37,0,0
85937,38,0,0
86045,32,0,0
86081,36,0,0
86147,35,0,0
86163,44,0,0
86205,30,0,0
86272,28,0,0
86284,36,0,0
86363,30,0,0
86383,28,0,0
86389,18,1,0
86416,32,0,0
86420,29,0,0
86459,32,0,0
86492,35,0,0
86671,23,0,0
86673,23,0,0
86677,33,1,0
86674,37,0,0
86757,30,0,0
86777,36,0,0
86836,34,0,0
86931,20,0,0
87179,28,0,0
87180,34,0,0
87188,26,0,0
87260,33,0,0
87280,29,1,0
87337,34,0,0
87349,36,0,0
87350,30,0,0
87352,23,0,0
87357,34,0,0
87358,38,0,0
87366,29,0,0
87368,38,0,0
87377,21,0,0
87378,20,0,0
87386,33,0,0
87392,29,0,0
87397,34,0,0
87410,39,0,0
87420,23,0,0
87433,28,0,0
87443,28,0,0
87542,34,0,0
87569,28,0,0
87570,27,0,0
87577,27,0,0
87605,30,0,0
87614,28,0,0
87606,19,0,0
87697,27,0,0
87751,16,0,0
87838,27,0,0
87860,36,0,0
87864,36,0,0
87934,38,0,0
87939,22,0,0
87942,31,0,0
88048,25,0,0
88057,24,0,0
88261,31,0,0
88297,28,0,0
88371,30,0,0
88510,30,0,0
88755,22,0,0
88913,36,0,0
88974,28,0,0
89050,24,0,0
89154,38,0,0
89536,34,1,0
89680,32,0,0
89703,35,0,0
89716,33,0,0
89870,28,0,0
89889,28,0,0
89885,29,0,0
89925,33,0,0
90188,29,0,0
90190,25,0,0
90257,29,0,0
90863,39,0,0
90923,28,0,0
91142,22,0,0
91216,36,0,0
91240,25,0,0
91550,31,0,0
92000,43,0,0
92047,29,0,0
92105,32,0,0
92108,23,0,0
92408,27,0,0
92431,33,0,0
92956,34,0,0
92985,28,0,0
93028,33,0,0
93067,31,0,0
93736,35,0,0
93751,31,0,0
93965,40,0,0
94021,22,1,0
94097,33,0,0
94369,20,0,0
94398,33,0,0
94573,37,0,0
94628,21,0,0
94914,31,0,0
94915,31,1,0
94991,29,0,0
95037,25,0,0
95092,39,0,0
95217,31,0,0
95219,32,0,0
95247,30,0,0
95249,22,0,0
95258,26,0,0
95275,27,1,0
95291,38,0,0
95298,29,0,0
95337,46,1,0
95366,31,0,0
95367,32,1,0
95384,28,0,0
95387,21,1,0
95403,31,0,0
95427,21,1,0
95479,26,0,0
95506,28,0,0
95510,32,0,0
95525,44,0,0
95549,32,0,0
95550,28,0,0
95569,28,0,0
95571,37,0,0
95574,24,0,0
95632,27,0,0
95641,38,0,0
95664,26,0,0
95673,29,0,0
95699,32,0,0
95705,29,0,0
95708,19,1,0
95743,40,0,0
95745,20,0,0
95751,29,0,0
95780,27,0,0
95781,27,0,0
95816,30,0,0
95823,29,0,0
95869,22,0,0
95888,36,0,0
95966,36,0,0
96036,32,0,0
96038,32,0,0
96068,30,0,0
96079,40,0,0
96080,21,0,0
96132,28,0,0
96171,31,0,0
96192,26,0,0
96243,29,0,0
96261,30,0,0
96434,32,0,0
96717,32,0,0
96763,29,0,0
96773,33,0,0
96792,23,0,0
96985,33,0,0
96998,15,0,0
97027,31,0,0
97117,27,0,0
97118,28,0,0
97119,40,0,0
97172,37,0,0
97203,36,1,0
97233,45,0,0
97236,32,0,0
97265,39,0,0
97280,34,0,0
97283,28,0,0
97297,30,0,0
97302,30,0,0
97350,21,0,0
97366,23,0,0
97384,28,0,0
97385,24,0,0
97389,33,0,0
97417,33,0,0
97430,25,0,0
97431,36,0,0
97446,28,1,0
97447,37,0,0
97448,24,0,0
97449,30,0,0
97468,30,0,0
97475,32,0,0
97496,25,0,0
97507,29,0,0
97590,28,0,0
97632,32,0,0
97637,38,0,0
97640,32,0,0
97648,35,0,0
97651,32,0,0
97667,24,0,0
97675,41,0,0
97678,39,0,0
97702,21,0,0
97707,28,0,0
97745,34,0,0
97787,33,0,0
97790,26,0,0
97828,26,0,0
97829,31,0,0
97833,27,0,0
97836,26,0,0
97862,41,0,0
97964,39,0,0
97976,37,0,0
97990,40,0,0
98007,35,0,0
98033,32,0,0
98034,24,0,0
98068,32,0,0
98120,31,0,0
98129,40,0,0
98159,20,0,0
98160,40,0,0
98164,31,0,0
98207,20,0,0
98233,25,0,0
98267,29,0,0
98269,38,0,0
98296,26,0,0
98297,32,0,0
98307,36,0,0
98311,38,0,0
98360,30,0,0
98362,30,0,0
98369,29,0,0
98381,29,0,0
98395,37,0,0
98410,28,0,0
98419,30,0,0
98452,28,0,0
98463,31,0,0
98479,34,0,0
98503,32,0,0
98505,35,0,0
98518,32,0,0
98531,36,0,0
98538,37,0,0
98610,47,0,0
98611,31,0,0
98624,31,0,0
98641,32,0,0
98672,29,0,0
98673,31,0,0
98685,22,0,0
98744,27,0,0
98759,22,0,0
98800,26,0,0
98819,37,0,0
98873,38,0,0
98875,39,0,0
98887,45,0,0
98920,27,0,0
98948,31,0,0
98958,30,0,0
98985,31,0,0
98993,34,0,0
99037,25,0,0
99038,28,0,0
99048,37,0,0
99072,34,0,0
99079,29,0,0
99080,37,0,0
99195,30,0,0
99204,40,0,0
99213,31,0,0
99217,27,0,0
99268,24,0,0
99290,31,0,0
99313,32,0,0
99344,33,0,0
99346,30,0,0
99350,20,0,0
99352,23,0,0
99403,24,0,0
99437,27,0,0
99440,30,0,0
99441,24,0,0
99444,27,0,0
99445,39,0,0
99446,21,0,0
99447,29,0,0
99448,28,0,0
99449,26,0,0
99450,34,0,0
99467,35,0,0
99503,25,0,0
99531,28,0,0
99568,40,0,0
99600,31,0,0
99672,32,0,0
99688,30,0,0
99700,34,0,0
99701,38,0,0
99790,37,0,0
99792,35,0,0
99815,31,0,0
100107,28,0,0
100350,26,0,0
100379,42,0,0
100389,34,0,0
100390,28,0,0
100489,20,0,0
100531,34,0,0
100591,24,0,0
100676,22,0,0
100703,33,0,0
100914,35,0,0
101515,29,0,0
101518,27,0,0
101565,25,1,0
101642,29,0,0
101662,33,0,0
101699,38,0,0
102385,22,0,0
102407,32,0,0
102421,30,0,0
102432,27,0,0
102459,24,0,0
102475,34,0,0
102742,31,0,0
102789,25,0,0
102938,29,0,0
102939,43,0,0
103242,36,0,0
103286,25,0,0
103311,26,0,0
103451,31,0,0
103459,31,0,0
103543,21,0,0
103844,26,0,0
103931,28,0,0
103911,32,0,0
104641,38,0,0
104934,26,0,0
104935,35,0,0
105005,21,0,0
105555,27,0,0
105591,33,0,0
105698,22,1,0
106131,31,0,0
106262,37,0,0
106281,39,0,0
106285,22,0,0
106330,17,0,0
106364,26,0,0
106412,48,0,0
106413,22,0,0
106527,25,0,0
106528,23,0,0
106581,34,0,0
106848,31,0,0
107046,33,0,0
107047,44,0,0
107139,25,0,0
107245,20,1,0
107299,25,0,0
107343,24,0,0
107344,24,0,0
107345,29,0,0
107346,33,0,0
107347,35,0,0
107351,30,0,0
107355,37,0,0
107358,27,0,0
107362,25,0,0
107363,30,0,0
107364,31,0,0
107370,21,0,0
107348,28,0,0
107349,29,0,0
107350,45,0,0
107365,31,0,0
107369,28,0,0
107402,31,0,0
107403,30,0,0
108050,28,0,0
108096,39,0,0
108119,38,0,0
108364,23,0,0
108368,41,0,0
108416,34,0,0
108424,29,0,0
108504,26,0,0
108519,32,0,0
109027,31,1,0
109076,37,0,0
109115,25,0,0
109121,27,0,0
109130,34,0,0
109347,27,0,0
109425,33,0,0
109479,25,1,0
109493,21,0,0
109520,34,0,0
109527,28,0,0
109559,27,0,0
109766,18,0,0
109847,33,0,0
109851,34,0,0
109883,35,0,0
109895,22,0,0
110127,28,0,0
110141,30,0,0
110159,31,0,0
110176,28,0,0
110331,26,0,0
110339,28,0,0
110472,33,1,0
110688,34,0,0
110700,24,0,0
110770,28,0,0
110865,32,0,0
111002,41,0,0
111027,27,0,0
111038,33,0,0
111051,27,0,0
111069,30,0,0
111074,31,0,0
111090,28,0,0
111114,36,0,0
111128,28,0,0
111139,28,0,0
111636,19,0,0
111669,39,0,0
111753,37,0,0
111976,26,0,0
112045,24,0,0
112355,33,0,0
112374,29,0,0
112469,31,0,0
112511,36,0,0
112725,31,0,0
112947,20,0,0
112951,42,0,0
113133,31,0,0
113393,32,0,0
113395,38,0,0
113413,27,0,0
113440,40,0,0
113456,28,0,0
113505,31,0,0
113578,28,0,0
113619,31,0,0
113685,40,1,0
113716,30,0,0
113741,34,0,0
114047,26,0,0
114567,28,0,0
114603,33,0,0
114613,30,0,0
114614,27,0,0
114620,32,0,0
114671,32,0,0
114808,26,0,0
115113,26,0,0
115162,39,0,0
115196,25,0,0
115548,29,0,0
115554,22,0,0
116211,30,0,0
116231,29,0,0
116305,36,0,0
116878,31,0,0
116935,31,0,0
117394,25,0,0
117459,25,0,0
117471,32,0,0
117491,33,0,0
117522,36,0,0
117536,32,0,0
117617,34,0,0
117711,40,0,0
117744,31,0,0
117754,28,0,0
118192,36,0,0
118193,31,0,0
118522,35,0,0
118594,38,0,0
118595,29,0,0
119101,33,0,0
119119,34,0,0
119120,36,0,0
119171,37,0,0
119172,25,0,0
119174,28,0,0
119175,29,0,0
119261,41,0,0
119262,30,0,0
119271,32,0,0
119531,42,0,0
119533,24,0,0
119534,31,0,0
119604,22,0,0
119651,35,0,0
119677,28,0,0
119678,29,0,0
119681,31,1,0
119696,32,0,0
119750,27,0,0
119815,24,0,0
119906,33,0,0
120202,32,0,0
120231,34,0,0
120303,27,0,0
120576,21,0,0
120823,36,0,0
120870,32,0,0
120923,29,0,0
121005,31,0,0
121362,19,0,0
121511,25,0,0
121541,26,0,0
121618,28,0,0
121670,24,0,0
121710,31,0,0
121751,25,0,0
121752,37,0,0
121772,31,0,0
121833,28,0,0
121907,28,0,0
121915,37,0,0
121969,23,0,0
122027,30,0,0
122038,28,0,0
122157,24,0,0
122171,15,0,0
122174,27,0,0
122202,40,0,0
122211,31,1,0
122498,40,0,0
122502,22,0,0
122516,31,0,0
122520,36,0,0
122891,31,0,0
122964,28,1,0
122990,32,0,0
123030,27,0,0
123031,31,0,0
123040,35,0,0
123076,28,0,0
123151,25,0,0
123372,28,0,0
123483,25,0,0
123484,26,0,0
123485,27,0,0
123525,39,0,0
123562,23,0,0
123773,29,0,0
123777,34,0,0
124165,39,0,0
124260,18,0,0
124404,26,0,0
124433,39,0,0
124444,28,0,0
124769,30,0,0
124770,32,0,0
124771,21,0,0
124780,33,0,0
124814,18,0,0
124863,30,0,0
124876,25,0,0
124902,27,0,0
124919,21,0,0
125165,25,0,0
125220,36,0,0
125225,38,0,0
125527,37,0,0
126897,35,0,0
126901,31,0,0
126923,27,0,0
126994,31,0,0
127038,28,0,0
127180,29,0,0
127181,30,0,0
127221,25,0,0
127226,23,0,0
127364,22,0,0
127365,23,0,0
127561,32,0,0
127616,43,0,0
127685,29,0,0
127727,38,0,0
127776,26,0,0
127777,28,0,0
127861,30,0,0
127806,37,0,0
127815,28,0,0
127957,35,0,0
128007,31,0,0
128021,34,0,0
128037,28,0,0
128092,45,0,0
128104,36,0,0
128122,23,0,0
128148,25,0,0
128152,41,0,0
128231,39,0,0
128297,29,0,0
128303,23,0,0
128305,31,0,0
128438,33,0,0
128439,40,1,0
128449,29,0,0
128453,32,0,0
128463,25,0,0
128484,32,0,0
128485,47,0,0
128503,26,0,0
128521,42,0,0
128556,23,0,0
128567,33,0,0
128702,35,0,0
128764,28,0,0
128779,33,0,0
128806,35,0,0
128848,33,0,0
128925,44,0,0
128931,32,0,0
128961,22,0,0
128983,24,0,0
128995,25,0,0
129009,32,0,0
129163,27,0,0
129411,30,0,0
129743,31,0,0
129825,29,0,0
129837,39,0,0
129857,24,0,0
129862,25,0,0
129875,32,1,0
129937,26,0,0
129948,34,0,0
129964,32,0,0
129994,35,1,0
130033,35,0,0
130059,29,0,0
130080,43,0,0
130166,38,0,0
130168,27,0,0
130180,28,0,0
130203,36,0,0
130205,32,1,0
130251,29,0,0
130254,33,0,0
130324,31,0,0
130396,29,1,0
130460,29,0,0
130514,31,0,0
130528,28,0,0
130537,24,0,0
130536,27,0,0
130940,30,0,0
130946,27,0,0
130962,25,0,0
130978,41,0,0
130987,32,0,0
130988,40,0,0
131022,35,0,0
131031,31,0,0
131127,38,0,0
131796,41,0,0
131801,26,0,0
131875,37,0,0
132330,25,0,0
133017,37,1,0
133018,34,0,0
133079,24,0,0
133199,30,0,0
133208,31,0,0
133210,30,0,0
133222,24,0,0
133227,25,0,0
133375,38,0,0
133433,46,0,0
133460,24,0,0
133553,30,0,0
133578,26,0,0
133580,31,0,0
133661,27,0,0
133673,27,0,0
133674,32,0,0
133692,17,0,0
133704,32,0,0
133712,26,0,0
133746,36,0,0
133816,32,0,0
133817,23,0,0
133847,31,0,0
133861,36,0,0
133896,20,0,0
134038,35,0,0
134129,36,0,0
134338,37,0,0
134563,33,0,0
134625,27,0,0
134682,38,0,0
134886,23,0,0
134916,21,0,0
134927,29,0,0
134948,31,0,0
134957,32,0,0
134987,30,0,0
135232,38,0,0
135695,32,0,0
135704,28,0,0
135747,40,0,0
135748,28,0,0
135752,32,0,0
136370,41,0,0
137030,36,0,0
137342,38,0,0
137378,34,0,0
137500,28,1,0
137501,34,0,0
137609,42,0,0
137681,28,0,0
137690,37,0,0
138355,28,0,0
138356,41,0,0
138358,24,0,0
138664,32,0,0
138680,32,0,0
139127,23,0,0
139539,25,0,0
139615,23,0,0
139616,18,0,0
139624,32,0,0
139722,27,0,0
139887,33,0,0
139946,34,0,0
140494,29,0,0
141226,26,0,0
141256,30,1,0
141573,30,0,0
141583,29,0,0
141672,23,0,0
141677,19,0,0
141704,29,0,0
141735,17,0,0
141740,20,0,0
141754,23,1,0
141756,34,0,0
141757,39,0,0
141839,28,1,0
141988,31,0,0
142077,22,0,0
142256,29,1,0
142416,29,0,0
142423,34,0,0
142530,32,0,0
142536,28,0,0
142540,42,0,0
142541,17,0,0
142544,29,0,0
142548,21,0,0
142549,36,0,0
142567,32,0,0
142588,23,0,0
142593,29,0,0
142619,19,0,0
142622,37,0,0
142640,35,0,0
142647,37,0,0
142657,27,0,0
142669,33,0,0
142672,30,0,0
142756,34,0,0
142790,36,0,0
142820,30,0,0
142830,33,0,0
142831,31,0,0
142843,28,0,0
142845,24,0,0
142848,26,0,0
143260,28,0,0
143280,29,0,0
143325,47,0,0
143376,27,0,0
143392,25,0,0
143635,19,0,0
143660,33,0,0
143670,32,0,0
143688,27,0,0
143859,25,0,0
143906,24,0,0
144766,24,0,0
144769,32,0,0
144902,32,0,0
145353,23,0,0
146823,31,1,0
146977,30,0,0
147289,29,0,0
147314,29,0,0
147457,27,0,0
147480,31,0,0
147539,28,0,0
147993,32,0,0
148033,22,0,0
148081,31,0,0
148317,29,0,0
148455,24,0,0
148857,17,0,0
148864,26,0,0
149417,34,0,0
149441,27,0,0
149448,32,1,0
149631,37,1,0
149744,42,0,0
149745,30,0,0
149757,33,0,0
149760,22,0,0
149810,32,0,0
149939,31,0,0
150013,24,0,0
150019,38,0,0
150021,38,0,0
150330,34,0,0
150408,40,0,0
150422,37,0,0
151205,26,0,0
151335,24,0,0
152124,34,0,0
152306,31,0,0
152847,27,0,0
152886,26,0,0
153057,36,0,0
153141,28,0,0
153153,35,0,0
153192,31,0,0
153408,33,0,0
153497,25,0,0
153590,30,0,0
154431,26,0,0
154650,27,0,0
154704,31,0,0
155305,32,0,0
155318,33,0,0
155344,26,0,0
155616,27,0,0
155796,26,0,0
156470,32,0,0
156525,34,0,0
156668,28,0,0
156669,28,0,0
156670,29,0,0
156672,28,0,0
156675,36,0,0
156676,30,0,0
156990,31,0,0
156991,34,0,0
157344,28,0,0
157486,29,0,0
157999,33,0,0
158031,33,0,0
158192,32,0,0
158601,42,0,0
158804,32,0,0
159277,33,0,0
159603,28,0,0
159650,24,0,0
159654,33,0,0
159753,25,0,0
160446,28,0,0
160574,32,0,0
160639,25,0,0
160703,23,0,0
160898,40,1,0
160970,31,0,0
161012,23,0,0
161042,35,0,0
161134,33,0,0
161163,20,0,0
161169,33,0,0
161618,43,0,0
161652,24,0,0
162386,27,0,0
162494,40,0,0
162634,30,0,0
162810,28,0,0
162854,27,0,0
162923,40,0,0
162996,36,0,0
163017,26,0,0
163295,29,0,0
163348,34,0,0
163502,29,0,0
163522,35,0,0
163524,23,0,0
163549,32,0,0
163552,31,0,0
163760,22,0,0
163766,38,0,0
163838,22,0,0
163998,30,0,0
164007,33,0,0
164087,16,0,0
164118,29,0,0
164301,41,0,0
164347,34,0,0
164349,26,0,0
164364,31,0,0
164427,26,0,0
164525,38,0,0
164603,29,0,0
164921,31,0,0
165073,30,0,0
165150,31,0,0
165238,30,0,0
165765,23,0,0
166470,25,0,0
166849,25,0,0
167141,27,0,0
167143,31,0,0
167501,36,0,0
167738,29,0,0
167828,25,0,0
167910,35,0,0
167936,39,0,0
168429,19,0,0
168460,23,0,0
168510,23,0,0
168565,25,0,0
168567,34,0,0
168573,27,0,0
168618,22,0,0
168620,37,0,0
168808,23,0,0
168843,32,0,0
168881,35,0,0
169039,28,0,0
169040,31,0,0
169319,31,0,0
169415,34,0,0
169435,31,0,0
169445,27,0,0
169479,29,0,0
169485,30,0,0
169512,35,0,0
169514,35,1,0
169505,39,0,0
169507,29,0,0
169584,38,0,0
169603,23,0,0
169607,25,0,0
169608,30,0,0
169612,30,0,0
169617,25,0,0
169652,30,0,0
169654,26,0,0
169655,23,0,0
169659,24,1,0
169663,38,0,0
169669,32,0,0
169670,24,0,0
169673,34,0,0
169676,29,0,0
169677,29,0,0
169686,30,0,0
169687,37,0,0
169689,37,0,0
169694,29,0,0
169695,30,0,0
169700,23,0,0
169735,25,0,0
169736,21,0,0
169944,39,0,0
170142,31,0,0
170267,35,0,0
170270,35,0,0
170315,30,0,0
170375,26,0,0
170431,32,0,0
170456,25,0,0
170482,41,0,0
170483,23,0,0
170496,34,0,0
170575,29,0,0
170586,26,0,0
170943,44,0,0
170993,16,0,0
171358,37,0,0
171374,30,0,0
171411,29,0,0
171564,33,0,0
171697,26,0,0
171796,31,0,0
171885,27,0,0
172521,26,0,0
172683,25,0,0
172849,17,0,0
172890,30,0,0
172923,33,0,0
172980,26,0,0
173001,37,0,0
173177,33,0,0
173466,35,0,0
173467,27,1,0
173517,30,0,0
173544,16,1,0
173557,36,0,0
173673,30,0,0
173773,27,0,0
173774,29,0,0
173835,31,0,0
173839,36,0,0
173905,27,0,0
174115,32,0,0
174151,26,0,0
174424,28,0,0
174426,31,0,0
174828,26,1,0
174829,34,0,0
174830,31,0,0
175947,40,0,0
176027,34,0,0
176133,32,0,0
176134,23,0,0
176147,32,0,0
176237,27,0,0
176345,33,0,0
176442,30,0,0
176590,21,1,0
176627,24,0,0
176649,26,0,0
176879,30,0,0
177036,27,0,0
177183,32,0,0
177413,29,1,0
177915,31,0,0
177936,36,0,0
177969,31,0,0
177971,30,0,0
178058,27,0,0
178560,37,0,0
178564,28,0,0
178917,38,0,0
179022,30,0,0
179167,32,0,0
179244,33,0,0
179414,30,0,0
179475,30,0,0
179697,25,0,0
179720,39,0,0
179766,22,0,0
179871,32,0,0
180026,31,0,0
180033,33,0,0
180077,37,0,0
180097,30,0,0
180159,35,0,0
180346,28,0,0
181263,22,0,0
181311,23,0,0
181326,22,0,0
181438,27,0,0
181648,33,0,0
181882,18,0,0
182490,39,0,0
182511,20,0,0
182515,34,0,0
182681,35,0,0
182715,31,0,0
182722,39,0,0
182714,29,0,0
183288,28,0,0
183290,32,0,0
183392,25,0,0
183484,30,0,0
183491,20,0,0
183499,27,0,0
183516,28,0,0
183560,34,0,0
183561,26,0,0
183626,32,0,0
184101,37,0,0
184131,37,0,0
184156,24,1,0
184157,31,0,0
184172,28,0,0
184337,39,0,0
184339,26,0,0
184583,28,0,0
184601,28,0,0
184606,33,0,0
185195,29,0,0
185416,31,0,0
185417,36,0,0
185604,43,0,0
185848,32,0,0
185944,34,0,0
186003,35,0,0
186057,31,0,0
186184,29,0,0
186191,20,0,0
186196,34,0,0
186264,30,0,0
186581,25,0,0
186706,25,0,0
186712,32,0,0
186880,28,0,0
186887,21,0,0
186913,41,0,0
187281,26,0,0
187360,29,1,0
187365,37,0,0
187854,23,0,0
187894,29,0,0
187989,31,0,0
187993,29,0,0
188008,24,0,0
188012,30,0,0
188108,31,0,0
188110,32,0,0
188204,24,0,0
188637,22,0,0
188638,32,0,0
188694,36,0,0
188851,33,0,0
189166,18,0,0
189852,37,0,0
189892,30,0,0
189937,25,0,0
189947,24,0,0
189987,27,0,0
190026,27,0,0
190043,23,0,0
190084,22,0,0
190100,38,0,0
190133,32,0,0
190169,28,0,0
190180,21,0,0
190242,42,0,0
190258,35,0,0
190263,27,0,0
190266,32,0,0
190271,24,0,0
190301,31,0,0
190308,25,0,0
190347,31,0,0
190356,25,1,0
190421,34,0,0
190487,35,0,0
190499,32,0,0
190544,33,0,0
190576,27,0,0
190662,22,0,0
190675,34,0,0
190783,30,0,0
190793,25,0,0
190802,33,0,0
190806,26,0,0
190851,39,0,0
190922,17,0,0
191014,45,0,0
191078,29,0,0
191091,30,0,0
191100,29,0,0
191102,29,1,0
191144,37,0,0
191172,31,0,0
191173,22,0,0
191183,28,0,0
191189,32,0,0
191201,24,0,0
191202,32,0,0
191203,30,0,0
191263,35,0,0
191364,30,0,0
191434,32,1,0
191515,29,1,0
191523,31,0,0
191637,36,0,0
191869,43,0,0
191990,31,0,0
192014,24,0,0
192026,25,1,0
192055,21,0,0
192070,37,0,0
192312,32,0,0
192449,34,1,0
192456,32,0,0
192457,34,0,0
192497,33,0,0
193041,28,0,0
193073,31,0,0
193193,30,0,0
193660,27,0,0
193774,34,0,0
193810,28,1,0
194025,36,0,0
194026,34,0,0
194138,26,0,0
194306,31,0,0
194311,40,0,0
194312,32,0,0
194316,23,0,0
194320,26,0,0
194340,41,0,0
194395,29,0,0
194776,25,0,0
194888,34,0,0
195236,33,1,0
195245,37,0,0
195250,28,1,0
195765,22,0,0
195768,26,0,0
195877,22,0,0
195889,26,0,0
196796,31,0,0
197159,43,0,0
197166,39,0,0
197167,28,0,0
197180,35,0,0
197191,38,0,0
197203,24,0,0
197297,27,0,0
197376,22,0,0
197378,30,0,0
197379,33,0,0
197387,27,0,0
197545,44,0,0
197736,32,0,0
197740,38,0,0
197744,26,0,0
197754,34,1,0
198457,26,0,0
198470,31,0,0
199099,28,0,0
199219,45,0,0
199223,26,0,0
199227,24,0,0
199324,38,0,0
199381,30,1,0
199382,19,0,0
199407,27,0,0
199890,39,0,0
199932,33,0,0
199942,33,0,0
199951,27,0,0
199962,30,0,0
199965,30,0,0
199966,27,1,0
200003,15,0,0
200226,28,0,0
200233,30,0,0
200237,33,0,0
200404,23,0,0
200502,32,0,0
200660,47,0,0
200831,34,0,0
200869,26,0,0
200917,20,0,0
200930,27,0,0
200935,28,0,0
201097,37,1,0
201159,32,1,0
201170,34,0,0
201198,25,0,0
201214,35,0,0
201502,27,0,0
201642,17,1,0
201631,35,0,0
201799,26,0,0
201836,29,0,0
201872,27,0,0
201873,27,0,0
201962,44,0,0
202005,32,0,0
202309,26,0,0
202326,34,0,0
202327,35,0,0
202464,26,0,0
202799,35,0,0
202899,23,0,0
202987,35,0,0
203022,28,0,0
203254,30,0,0
203372,27,0,0
203382,20,0,0
203427,33,0,0
203509,29,0,0
203659,30,0,0
203661,27,0,0
203751,27,0,0
203809,31,0,0
203839,23,0,0
204082,24,0,0
204161,30,0,0
204181,30,0,0
204262,35,0,0
204483,26,0,0
205010,36,0,0
205036,26,0,0
205226,32,0,0
205288,25,0,0
205308,32,0,0
205420,25,0,0
205669,31,0,0
205710,19,0,0
205727,40,0,0
205776,36,0,0
206255,22,0,0
206256,36,0,0
206438,37,0,0
206640,31,0,0
206653,32,0,0
206749,32,0,0
206997,32,0,0
207073,31,0,0
207275,38,0,0
207399,25,0,0
207944,26,0,0
208044,35,0,0
208162,30,0,0
208163,25,0,0
208165,24,0,0
208179,33,0,0
208180,29,0,0
208196,24,0,0
208237,29,0,0
208245,35,0,0
208261,29,0,0
208269,29,0,0
208295,23,0,0
208335,29,0,0
208340,33,0,0
208342,30,0,0
208763,25,0,0
208786,22,0,0
208877,27,0,0
208900,31,0,0
208918,24,0,0
208930,25,0,0
209014,30,0,0
209419,35,0,0
209764,36,0,0
209773,23,0,0
209964,31,0,0
210030,26,0,0
210140,26,0,0
210328,31,0,0
210330,30,0,0
210391,39,0,0
210392,25,0,0
210416,37,0,0
210444,29,0,0
210449,29,0,0
210531,31,0,0
210593,31,0,0
210659,40,0,0
210748,25,0,0
210857,26,0,0
210870,24,0,0
210924,30,0,0
210954,25,0,0
210955,33,0,0
210956,22,0,0
211198,26,0,0
211240,30,0,0
211412,28,0,0
211415,35,0,0
211420,38,0,0
211716,24,0,0
212391,34,0,0
212431,28,0,0
212440,34,0,0
212443,29,0,0
212458,31,0,0
212709,35,0,0
212733,30,0,0
212738,18,0,0
212765,24,0,0
212994,26,0,0
213306,37,0,0
213309,26,0,0
213337,29,0,0
213484,25,0,0
213494,39,0,0
213608,20,0,0
214369,27,0,0
214380,37,0,0
214500,38,0,0
214524,23,0,0
214573,29,0,0
214695,27,0,0
214734,30,0,0
214775,36,0,0
214784,34,0,0
214791,29,0,0
214794,23,0,0
214806,37,0,0
214808,36,0,0
214809,22,0,0
214823,32,0,0
214842,33,1,0
214853,40,0,0
214863,29,0,0
215238,34,1,0
215242,33,0,0
215303,27,0,0
215351,27,0,0
215396,25,0,0
215402,25,0,0
215456,33,0,0
215526,26,0,0
215559,27,0,0
215667,34,0,0
215672,14,0,0
215677,23,0,0
215684,29,0,0
215719,32,0,0
215748,32,0,0
215772,27,0,0
216186,37,0,0
216189,34,0,0
216198,31,1,0
216204,29,1,0
216224,37,1,0
216264,36,0,0
216309,39,0,0
216482,36,0,0
216713,26,0,0
217230,34,0,0
217231,21,0,0
217438,41,0,0
217584,27,0,0
217615,25,0,0
217641,27,0,0
217669,34,0,0
218017,30,0,0
218481,31,0,0
219041,23,0,0
219047,28,0,0
219269,33,0,0
219416,25,0,0
219940,31,0,0
220098,31,0,0
220099,18,0,0
220842,36,0,0
221090,33,0,0
221128,34,0,0
221827,36,0,0
221836,46,0,0
221837,28,0,0
221838,27,0,0
221839,29,0,0
221840,36,0,0
221843,39,0,0
222832,27,0,0
223039,31,0,0
223290,29,0,0
223388,27,0,0
223518,30,0,0
223716,34,0,0
223752,27,0,0
223799,31,0,0
224050,28,0,0
224077,21,0,0
224183,36,0,0
224347,26,0,0
224480,33,0,0
225121,38,0,0
225122,32,0,0
225294,22,0,0
225323,31,0,0
225324,36,0,0
225411,32,0,0
225412,26,0,0
225632,27,0,0
225691,32,0,0
225772,33,0,0
225775,25,0,0
225776,24,0,0
225792,17,0,0
225805,19,0,0
225814,34,0,0
226024,33,0,0
226555,39,0,0
226566,26,0,0
226570,38,0,0
226602,27,0,0
226651,26,0,0
226718,35,1,0
226740,36,0,0
226742,28,0,0
226772,37,0,0
226798,31,0,0
226935,36,0,0
227033,29,0,0
227082,27,0,0
227088,22,0,0
227103,25,0,0
227115,34,0,0
227122,28,0,0
227123,31,0,0
227124,24,0,0
227128,28,0,0
227140,30,0,0
227170,35,0,0
227173,37,0,0
227265,33,0,0
227269,26,0,0
227279,34,0,0
227275,42,0,0
227321,28,0,0
227345,19,0,0
227376,31,0,0
227499,29,0,0
227561,27,0,0
227569,26,0,0
227599,24,0,0
227601,21,0,0
227733,34,1,0
227792,23,0,0
227878,26,0,0
227895,36,0,0
227903,29,0,0
227911,28,0,0
227918,26,0,0
227920,30,0,0
227921,32,0,0
227925,26,0,0
227928,36,0,0
227946,26,0,0
227958,29,0,0
228083,28,0,0
228094,30,0,0
228150,30,0,0
228152,26,0,0
228498,40,0,0
228508,22,0,0
228523,24,0,0
228533,32,0,0
228534,36,0,0
228560,23,0,0
228578,33,0,0
228676,37,0,0
228680,28,0,0
230272,30,0,0
230274,24,0,0
230361,28,0,0
230423,24,0,0
230462,23,0,0
230498,29,0,0
230499,31,0,0
230525,28,0,0
230539,33,0,0
230544,38,0,0
230845,27,0,0
230965,37,0,0
231088,38,0,0
231121,28,0,0
231289,30,0,0
231517,28,0,0
231841,31,0,0
231849,29,0,0
232012,29,0,0
232013,39,0,0
232014,33,0,0
232078,35,0,0
232119,36,0,0
232555,36,0,0
232556,27,0,0
232655,32,1,0
232729,30,0,0
232965,30,0,0
233121,26,0,0
233246,32,0,0
233582,32,0,0
233625,30,0,0
233632,36,0,0
233688,28,0,0
233693,26,0,0
233786,30,0,0
233794,26,0,0
233836,28,0,0
233969,31,0,0
234270,29,0,0
234481,41,0,0
234592,26,0,0
235044,24,0,0
235072,25,0,0
235357,37,0,0
235567,33,0,0
235643,29,0,0
235712,34,0,0
235898,35,0,0
235941,25,0,0
235950,27,1,0
236011,32,0,0
236135,36,0,0
236212,28,0,0
236403,28,0,0
236586,28,0,0
236976,22,0,0
237003,31,1,0
237012,31,0,0
237142,31,0,0
237175,31,0,0
237191,20,0,0
237352,40,0,0
237451,38,0,0
237483,44,0,0
237498,23,0,0
237824,29,0,0
237987,37,0,0
238002,42,0,0
238039,28,0,0
238442,27,0,0
238583,32,0,0
238758,21,0,0
238795,34,0,0
238888,27,0,0
238957,35,0,0
239018,32,0,0
239197,35,0,0
239233,31,0,0
239352,30,0,0
239795,25,0,0
239822,28,0,0
239938,26,0,0
239948,32,0,0
240352,19,0,0
240607,34,0,0
241035,32,0,0
241728,33,0,0
241768,25,0,0
242468,37,0,0
